"date_id","P_star","V_star","y","P_star_std","V_star_std","pred_prob"
7001,0.493667577961697,0.318481406246599,1,-0.141959544262721,0.183379045499475,0.519090363911794
7002,0.587699991157713,0.278321107894991,1,0.250042957106235,0.0429001171692187,0.513847356146608
7003,0.590473596646203,0.315325490995557,1,0.261605568894494,0.172339795031612,0.513909705951815
7004,0.4141959800685,0.432444388797441,1,-0.473260891352272,0.582016463924454,0.525453737339157
7005,0.44761717641778,0.46673247701032,0,-0.333934545017303,0.701954663697455,0.523942043626342
7006,0.392239800995817,0.446622894100219,1,-0.564791852054671,0.631612241645548,0.527098381847528
7007,0.461287688238114,0.423619335886186,0,-0.276944889573772,0.551146823351146,0.522408878505768
7008,0.545926527244008,0.494446331642049,1,0.075897662005885,0.798896488294483,0.517852003369605
7009,0.444670186983993,0.429241301712543,0,-0.34621996012352,0.570812208490507,0.523517511155206
7010,0.477025275603379,0.411391896186068,1,-0.211338005702396,0.508375785888806,0.521275270353492
7011,0.780176984779607,0.386539386950742,1,1.05244141090829,0.421442819576405,0.503202206388489
7012,0.645823181581765,0.284164258408508,0,0.492347022899773,0.0633391964565476,0.510928646525028
7013,0.689618988800529,0.319285980787326,1,0.674923066582073,0.186193411275686,0.508634045456892
7014,0.72753232887872,0.229773007875734,1,0.832976270161161,-0.126918966430847,0.507040992029103
7015,0.667415381744157,0.25474598884442,1,0.582360627634905,-0.0395645953806534,0.509841324368248
7016,0.577941117214063,0.258399399964947,1,0.209360145015889,-0.0267851266011112,0.514211115386384
7017,0.674101906145309,0.201210144350526,1,0.610235423161553,-0.226830586183641,0.509560549326101
7018,0.700939144070286,0.259440570148271,0,0.722114551207481,-0.0231431598437359,0.508199077952015
7019,0.646793997365336,0.280589548677871,1,0.496394161568169,0.050835021620615,0.510874946276056
7020,0.597912890352569,0.262628038441541,0,0.29261851051958,-0.0119935382446916,0.513256344614632
7021,0.52958178724366,0.310600207592431,0,0.00775967908497955,0.155810964923923,0.517096160849204
7022,0.389545759581631,0.353419206180276,1,-0.576022776980006,0.305589907827476,0.525356163485312
7023,0.371452698659641,0.382255203161776,0,-0.651449163454381,0.406456936200371,0.526997537387238
7024,0.4234974254562,0.380608466656196,0,-0.434485008288157,0.400696725518647,0.523947310312684
7025,0.472107675544052,0.455148003366207,1,-0.231838506098675,0.661432692756225,0.522198779616543
7026,0.796203360722872,0.422133166408993,0,1.11925219714796,0.545948268956819,0.501908467536213
7027,0.507112818698055,0.428839045184024,1,-0.0859089993386721,0.569405133135998,0.51966589436961
7028,0.386049561690445,0.384657487218085,1,-0.590597733338605,0.414860018438969,0.526200437529753
7029,0.45118805668273,0.287510342062697,0,-0.319048252638189,0.0750436474974357,0.52086234982679
7030,0.403629876342947,0.256210431579137,1,-0.517308884478921,-0.0344420401602468,0.522677049348388
7031,0.37158214212808,0.210228836862537,0,-0.65090953927917,-0.195283602943248,0.523229361051485
7032,0.280643844763496,0.208750508453208,1,-1.0300132847381,-0.200454729632708,0.52729223430697
7033,0.345207287637986,0.174170756745689,0,-0.760861082390234,-0.321413155271598,0.523560589108229
7034,0.380866713744438,0.167079399287686,1,-0.612203999624834,-0.346218406651588,0.5218963056261
7035,0.487027782003682,0.20378928023294,0,-0.169639538167542,-0.217808884163214,0.517928176199576
7036,0.461852095784534,0.227191765183969,0,-0.274591986330428,-0.135948037976203,0.519407452785004
7037,0.346194412657722,0.222453919742302,0,-0.756745953747371,-0.152520809533145,0.52466634504306
7038,0.465712216527134,0.261059790872926,0,-0.258499907702914,-0.017479198133637,0.519729950711152
7039,0.268731927066584,0.243083291779866,1,-1.07967170968521,-0.0803601883497316,0.528843017715664
7040,0.374831799423653,0.166836252963817,1,-0.637362361820258,-0.347068921623004,0.522144115576428
7041,0.362007914468633,0.136003242847867,1,-0.690822597591898,-0.45492141266684,0.521985057877306
7042,0.347406158513787,0.147401608227202,1,-0.751694425338643,-0.415050440116121,0.522833268509877
7043,0.248767411123339,0.175380858541908,0,-1.16289982137962,-0.317180273284141,0.527690775689447
7044,0.297120189022601,0.192987898100968,0,-0.961326669735231,-0.255591636001865,0.526118030594546
7045,0.249232876128586,0.244865641871719,1,-1.16095938998841,-0.0741256074056178,0.529825746701415
7046,0.400788954295536,0.182819229877667,1,-0.529152125664895,-0.291161182872477,0.521370648367711
7047,0.349657841355176,0.192024315993833,0,-0.742307605665367,-0.258962203137185,0.523791413708298
7048,0.371986798715787,0.185608105912219,0,-0.64922260613362,-0.281405819175978,0.522673372684755
7049,0.389612556663351,0.125357420045564,1,-0.575744313179828,-0.492160024924346,0.520673218142253
7050,0.455634069346074,0.150801071765571,0,-0.300513706667154,-0.403159268626634,0.518506548234686
7051,0.499352596539456,0.145249998207225,0,-0.118259828100326,-0.422576675781622,0.516657128682421
7052,0.401510117493869,0.159646231533595,1,-0.526145739164396,-0.372219295167196,0.520884628707258
7053,0.421238094172461,0.159149433462925,1,-0.443903712802316,-0.373957072609815,0.520059120223574
7054,0.407322941718128,0.200984874823444,0,-0.501913226581976,-0.227618568919051,0.521437584916459
7055,0.352066194690976,0.282555978288026,1,-0.732267657739691,0.0577135044907614,0.525797697218256
7056,0.402506969360961,0.183331346540178,1,-0.52199006122194,-0.289369821680394,0.521306582250051
7057,0.477506847648582,0.103877550830631,1,-0.209330427252658,-0.567295647214043,0.516961491343035
7058,0.437571867698731,0.134852969104091,1,-0.375811446939218,-0.458945018801371,0.518972272677058
7059,0.624434815044309,0.094809150093547,1,0.403183160164469,-0.599016507603612,0.511464371977759
7060,0.497230838404646,0.0767214419698932,1,-0.127105017411929,-0.662286502037297,0.515888968235788
7061,0.34922203501638,0.088958099717271,0,-0.744124395951971,-0.61948322025772,0.521383398509873
7062,0.491231533200833,0.0424569187024955,1,-0.152114932253402,-0.78214227268444,0.515657739123619
7063,0.561790461210548,0.106658404741964,1,0.142031259826801,-0.557568344545947,0.51384483783289
7064,0.644039690514017,0.0763972357889695,0,0.484912001974926,-0.663420560765035,0.510721098289939
7065,0.645858945674242,0.148332538346797,1,0.492496116315901,-0.411794088173559,0.510750483904839
7066,0.668730964572649,0.217926833779698,0,0.587845031810003,-0.168356353853997,0.509792877810478
7067,0.307078303873909,0.330370772964391,1,-0.9198132617735,0.224967518782667,0.529347334687141
7068,0.684927285486378,0.202408324675386,1,0.655364284962865,-0.222639404970069,0.50907614569937
7069,0.623817641303981,0.185297336863223,1,0.40061028511251,-0.282492875416922,0.511754252531373
7070,0.57819114329607,0.0968125488054819,0,0.210402454217823,-0.592008708468087,0.513167865584577
7071,0.404405645371191,0.0793443167459986,1,-0.514074857091769,-0.653111803322017,0.519205501072262
7072,0.40499659364393,0.0573307426009037,1,-0.511611310818519,-0.730114301598969,0.518758050862554
7073,0.52776054152488,0.0299179663674132,0,0.000167266499746268,-0.826002967418198,0.514338736275067
7074,0.363076501256269,0.162093828301598,0,-0.686367870977473,-0.363657711088727,0.522530066840256
7075,0.421582201693507,0.237039486455403,1,-0.442469196719989,-0.101501149195786,0.521456768582913
7076,0.347331126439782,0.195430956241155,0,-0.752007219190182,-0.247045927840607,0.523973988896365
7077,0.347641459115971,0.17078419176587,0,-0.750713503744752,-0.333259208179885,0.523377107565963
7078,0.304631718970694,0.429647163533938,0,-0.930012589529481,0.572231894998325,0.532144938801157
7079,0.473787634532832,2.11992491236193,1,-0.224835089899772,6.48474789916109,0.545674403489627
7080,0.510338909336081,1.17607065036036,0,-0.0724600666061572,3.18318788421622,0.528030278243736
7081,0.491820127200512,1.0851890111374,0,-0.149661200478124,2.86528797293664,0.52903926332632
7082,0.133950337106807,1.69356244208115,1,-1.6415494559532,4.99335103798996,0.591948920592521
7083,0.3951395196229,1.141460915414,1,-0.552703499576539,3.06212457854823,0.540848837958752
7084,0.517176564405317,0.843099734305217,1,-0.0439552372655428,2.01847050480221,0.523582938164664
7085,0.279340018284605,1.08055135737519,1,-1.03544867902082,2.84906566739552,0.55233749542013
7086,0.300349719916205,0.606816592202155,1,-0.947863395258778,1.19196263639603,0.537216378578052
7087,0.491617046239535,0.429640598171903,0,-0.150507804771026,0.572208929655422,0.520630628593931
7088,0.378456509678841,0.538771941946876,0,-0.622251662876377,0.953945491633307,0.529929837546515
7089,0.26664388079958,0.694715294155219,0,-1.08837636089876,1.4994283664531,0.542333854660786
7090,0.285096175422541,0.602250249868542,1,-1.01145240029468,1.17598977504428,0.538225932157926
7091,0.499424676617301,0.481536216260443,1,-0.117959340535948,0.75373748181625,0.520786867402683
7092,0.452052471774059,0.360161502513676,1,-0.315444677376162,0.329174158997841,0.521968954706485
7093,0.356603970943145,0.3179228603792,0,-0.713350567546601,0.181425277024236,0.526380990699546
7094,0.17524293581236,0.465657544509017,0,-1.46940879263896,0.698194597861085,0.541405132738024
7095,0.306895635661645,0.638637247955746,0,-0.920574769361093,1.30326986772917,0.537575074383652
7096,0.524518203448009,0.856198843383579,1,-0.0133493985864492,2.06429060278302,0.523039075324916
7097,0.42770277118593,0.627793584240696,1,-0.416953755083595,1.26533921680304,0.528066543093309
7098,0.436247912947888,0.466146913874745,1,-0.381330751999997,0.699906390025903,0.524664126758175
7099,0.453718182457781,0.449399124262297,0,-0.308500659538239,0.641323370645445,0.523276902278429
7100,0.305449715546644,0.431662895809459,1,-0.926602523861856,0.579282836387923,0.532148607960575
7101,0.393525737074083,0.44516744659951,1,-0.559431039307796,0.626521151351584,0.526988156554964
7102,0.40480651379563,0.309978139901319,0,-0.512403716048387,0.153634999948979,0.523661717818277
7103,0.330709664817191,0.409213500873276,0,-0.821298799731474,0.500755856466432,0.530032138749459
7104,0.258773328071676,0.55216903770812,0,-1.1211871359457,1.00080793370981,0.538668065636312
7105,0.279662941295206,0.598301465717316,0,-1.03410247696557,1.16217710460754,0.538516396536819
7106,0.349881273903139,0.617906913337257,1,-0.741376159638284,1.23075608395106,0.533776590406595
7107,0.527362211343174,0.590145384107267,0,-0.00149329311254542,1.13364749574053,0.520062381259774
7108,0.279586702774849,0.7998200686559,1,-1.03442030025293,1.86708016911103,0.544292246403192
7109,0.329267342916383,0.682703602947266,0,-0.82731155399013,1.45741200757165,0.53695152229223
7110,0.432358286981522,0.621340801248293,0,-0.39754583205996,1.24276767035724,0.527599219438044
7111,0.308473697662562,1.02485309135325,0,-0.913996141517251,2.65423562275512,0.547675143499397
7112,0.187322442615491,1.10398133317796,1,-1.41905172190995,2.93102267535299,0.563212550262761
7113,0.485673245205897,0.801029911107273,0,-0.175286333723254,1.87131214392181,0.52594044976062
7114,0.268804785945716,0.846908270161113,0,-1.07936797545256,2.03179259297146,0.546634346928425
7115,0.436819452203424,0.874429366846731,1,-0.378948118074249,2.12806015888994,0.531551205401188
7116,0.463139824912839,0.606133953001417,0,-0.269223698713172,1.18957479498817,0.525033330020876
7117,0.194094634539214,0.809465192265074,1,-1.39081979545374,1.90081838032567,0.552215942034998
7118,0.414703561638027,0.607176079287462,1,-0.471144884348509,1.19322010615012,0.528675904501655
7119,0.346584410159721,0.478442791400296,1,-0.755120131425953,0.742916819942203,0.530720999577624
7120,0.419963246583079,0.4061486614814,0,-0.449218299835837,0.490035185282529,0.524617806246234
7121,0.164284973619061,0.644365845956164,1,-1.51509036608454,1.32330824744657,0.54875250738911
7122,0.288848755047341,0.701121090243753,1,-0.995808639281743,1.52183555480964,0.540711695819593
7123,0.37820049858722,0.546956000947867,0,-0.62331892239767,0.982572964163147,0.53012234350176
7124,0.258302498977247,0.64040125743181,1,-1.12314992916199,1.30944029401914,0.541369106524274
7125,0.314884095663131,0.539219192416022,0,-0.887272462249814,0.955509953780742,0.534370348158267
7126,0.208532595111037,0.478923668278852,1,-1.33063079820847,0.74459890576654,0.539723767408885
7127,0.373701158491708,0.406551428990203,1,-0.642075779868444,0.491444048023226,0.527394136339209
7128,0.385687184678143,0.412060726132332,1,-0.592108411310519,0.510715323141835,0.526791449675241
7129,0.320570692878199,0.441932754333159,0,-0.863566165061229,0.615206342405772,0.531479728553936
7130,0.293110577779834,0.625570298625716,0,-0.97804194464161,1.25756226311037,0.538275393174553
7131,0.395612468056844,0.611248059558741,0,-0.550731871253674,1.20746371110751,0.530186240740676
7132,0.518502689376321,0.529363952341799,0,-0.0384268849868669,0.921036764564289,0.520055548215523
7133,0.378624548612109,0.534300362180783,1,-0.621551141854639,0.938304105506531,0.529822832046948
7134,0.526652731266181,0.560249334744369,1,-0.00445097499477864,1.0290724515255,0.51980843472406
7135,0.376545821300022,0.379837470334388,1,-0.630216944191366,0.397999814851156,0.526650083032836
7136,0.582173059863966,0.37955207499352,0,0.227002275511403,0.397001514706953,0.514741168011409
7137,0.419357200644666,0.368669386660405,1,-0.451744785286201,0.358934357411371,0.523968885221554
7138,0.595196971956325,0.349992061390738,0,0.281296384790206,0.293601908558848,0.513835718836327
7139,0.464959662542728,0.362580232554251,0,-0.26163715617156,0.337634768554208,0.521276644172692
7140,0.550139066283873,0.332727675961829,1,0.0934589026952972,0.233211860106022,0.51619960031191
7141,0.647850871913596,0.306933350011115,1,0.50080006217701,0.142984461025643,0.510851806871207
7142,0.568920145354194,0.325130575532669,0,0.17175350052325,0.206637542421378,0.515123892783618
7143,0.533073948979086,0.328717641904821,1,0.0223178095098407,0.219184940236942,0.517088902131657
7144,0.628363045045499,0.25339972795233,1,0.419559172797573,-0.0442737557986838,0.511735083387325
7145,0.668464112677231,0.248306697274826,1,0.586732579125407,-0.0620889494325786,0.509792946852355
7146,0.434799884816371,0.275055573280546,1,-0.387367294403984,0.0314774230685351,0.521484374969457
7147,0.336681339723844,0.285419468062071,0,-0.796404070124883,0.0677298637125145,0.526645580355885
7148,0.310184000122598,0.430337842056356,1,-0.906866229398183,0.574647857594032,0.531821721668612
7149,0.49760899538362,0.403701559130908,0,-0.125528555885211,0.481475330654414,0.519938994776488
7150,0.462283877696548,0.384016796095848,0,-0.272791973081778,0.412618909534485,0.521751167138685
7151,0.480789350844752,0.393218144241526,1,-0.195646321741424,0.44480481401611,0.520799724527832
7152,0.575989581307479,0.366289966737227,0,0.201224578450164,0.350611252888361,0.515012611006771
7153,0.445960356976769,0.400731162536257,1,-0.340841497025854,0.471085016153281,0.522973619523866
7154,0.384884345719578,0.358449636923369,0,-0.59545528787422,0.323186129689233,0.52572157226264
7155,0.367634746967601,0.362813176479464,0,-0.667365447664443,0.338449595991206,0.526788445141961
7156,0.347900373948504,0.453372662216296,0,-0.749634139102872,0.655222628777699,0.530043344377364
7157,0.305779017693628,0.714300269410153,1,-0.925229728450821,1.56793573437901,0.539681441196564
7158,0.610024908827499,0.563862616849,0,0.34311111596726,1.04171155080134,0.513862699884628
7159,0.326955384024129,0.638786159760072,1,-0.836949652577863,1.30379075456383,0.536033352428142
7160,0.635312220027384,0.504605149543014,1,0.448528906560235,0.834431579177905,0.511923353709514
7161,0.602421524925881,0.384800499437596,1,0.311414114826922,0.41536026878968,0.513591891807762
7162,0.548431081669696,0.373882044317255,1,0.0863386532164153,0.37716800087128,0.516647002988385
7163,0.612137305466343,0.289662535579534,0,0.351917279056829,0.0825719242088671,0.5126605742937
7164,0.620018952203542,0.341336513732916,1,0.384774302830622,0.263325189784582,0.512424433744133
7165,0.567461242420294,0.330137556780512,1,0.165671623222588,0.224151738997022,0.515238427294491
7166,0.406394506871232,0.345900550148285,1,-0.505783687521682,0.279289985137395,0.524269823750457
7167,0.520622238254615,0.401547375015458,0,-0.0295909056279966,0.47394009091802,0.51854173718105
7168,0.344328700170371,0.510710561692042,1,-0.764523739481238,0.855788037942251,0.531638286647653
7169,0.470384878269873,0.442529293931907,0,-0.239020506622496,0.617293011254819,0.522125777050332
7170,0.375077393839508,0.463361813751169,0,-0.636338527356531,0.690164234297204,0.528538099140894
7171,0.452544476878487,0.47050177580664,0,-0.313393605569465,0.715139502386344,0.523684287663695
7172,0.431812910888419,0.527155807765219,1,-0.399819396944841,0.913312773547082,0.526007581647068
7173,0.502331066273245,0.485462529481073,0,-0.105843177860126,0.76747154994229,0.520643759754613
7174,0.388809019944821,0.601630954568287,1,-0.579094098566588,1.17382350776862,0.530499770661214
7175,0.655062680004094,0.531049824262633,0,0.530864661337885,0.926933869179083,0.510609138544393
7176,0.280093386394194,0.801058567540702,1,-1.03230803662558,1.8714123828449,0.544282595346072
7177,0.526059424101047,0.625411068454744,0,-0.00692435502308804,1.25700528309045,0.520521179550368
7178,0.27087399389004,0.782140295059161,1,-1.07074185747411,1.80523711141641,0.544549359859797
7179,0.629774605786095,0.643321080261408,1,0.425443689873556,1.31965370375094,0.512643976818103
7180,0.560324064429859,0.626333469001328,1,0.135918142163524,1.26023179896791,0.517912003960825
7181,0.370763869066077,0.669233920881086,0,-0.654320757562377,1.41029566184534,0.533321622675222
7182,0.438237077450822,0.681132671840784,1,-0.37303831927088,1.45191696078721,0.528160558935196
7183,0.517248174816036,0.49388674452767,1,-0.0436567076503622,0.796939077583857,0.519753836479763
7184,0.513811013148959,0.39268824720647,1,-0.0579855536866228,0.442951257875707,0.518848091217616
7185,0.520367627801017,0.384754802504674,1,-0.0306523261668581,0.415200422961131,0.518376927613691
7186,0.378860375436572,0.378040672347683,0,-0.620568026544321,0.391714695816718,0.526477909693315
7187,0.232272737846235,0.439684155681842,1,-1.23166284642727,0.607340844843572,0.536915504561947
7188,0.408352198898451,0.372684624324231,1,-0.497622457308649,0.372979479264481,0.524673263665732
7189,0.417985537055796,0.3493879515736,0,-0.457462979040866,0.291488759424291,0.523692609051932
7190,0.268979258293182,0.441227238246309,1,-1.07864063480159,0.61273847867297,0.534678322780216
7191,0.384485568613221,0.408208869572044,1,-0.597117710626835,0.497241701085205,0.526783405147521
7192,0.403091902954621,0.43007810976573,0,-0.519551588954177,0.573739325652353,0.52609382125164
7193,0.421238085985262,0.550400194575283,0,-0.443903746933127,0.994620599504528,0.527157528670099
7194,0.39077707454248,0.499572615779361,1,-0.57088966885037,0.816828001044241,0.528271034125393
7195,0.369599059217551,0.494435072532634,1,-0.659176619054408,0.79885710443307,0.529572426563442
7196,0.45958400922364,0.510333621930388,1,-0.284047189860498,0.854469519506493,0.52383708715142
7197,0.455410609946655,0.471609181011997,0,-0.30144526463264,0.719013156289857,0.523516160803425
7198,0.480559208644426,0.447858599553022,0,-0.19660573897993,0.635934684079162,0.521561849965176
7199,0.327959693424516,0.473852430671411,0,-0.832762885656553,0.726859943317499,0.531819476547157
7200,0.335521938562692,0.587344901048023,1,-0.801237383870793,1.12385153119054,0.53411232331171
7201,0.444038095087044,0.433560502396644,0,-0.348855026014925,0.585920579400345,0.523627417080594
7202,0.347257315669784,0.47825818844831,1,-0.752314921667271,0.742271087068544,0.53067277652084
7203,0.489728183598055,0.3962699604142,1,-0.158382098911059,0.455479930561429,0.520312808548918
7204,0.501237988570137,0.378595924403098,1,-0.110400002249137,0.393656942684882,0.519417243056441
7205,0.448404847204338,0.375646288840229,1,-0.330650901557654,0.383339249344836,0.522424203752625
7206,0.364500265556593,0.29746990276753,0,-0.680432479678693,0.10988174561627,0.525502914614288
7207,0.369098562936627,0.206340924153009,0,-0.661263088893686,-0.208883347798085,0.523255774006248
7208,0.399492928937244,0.253842203386729,0,-0.534554998621359,-0.0427259965093331,0.522831329158979
7209,0.353243211517355,0.34915720167338,0,-0.727360907775374,0.290681606588636,0.527285291628044
7210,0.470748335250679,0.543166790629676,1,-0.23750532647585,0.969318475860868,0.523555409991454
7211,0.648976516547566,0.546518846060002,0,0.50549265164878,0.981043815907723,0.511047630408083
7212,0.311157155932752,0.569275319394508,1,-0.902809335622556,1.06064494233908,0.535421291495586
7213,0.743174651380657,0.469378293181126,1,0.898186013690735,0.711209610385841,0.50486880755791
7214,0.553481919369905,0.38628950069441,1,0.107394594941139,0.42056872862253,0.516458751065458
7215,0.542300512299634,0.349682854360699,1,0.060781524071271,0.292520316190393,0.516779925660847
7216,0.532660674968624,0.351842128569594,0,0.0205949520360654,0.300073360846113,0.517337797943155
7217,0.473624859028058,0.315545632384319,0,-0.225513668730883,0.173109839768423,0.520117173752585
7218,0.319282675111544,0.365733285430341,1,-0.868935655954588,0.348664006562445,0.529597922148685
7219,0.521377516378668,0.376659320124293,1,-0.0264423007608553,0.386882787490505,0.518231899535818
7220,0.490702427658674,0.407364206279187,1,-0.154320668434839,0.494287106646148,0.520398751897216
7221,0.361384348029755,0.383682690888021,1,-0.693422122537626,0.411450224453158,0.527613955554235
7222,0.459587770765961,0.302413978937174,0,-0.28403150873578,0.127175903040451,0.520661775129408
7223,0.304231116364366,0.406989198433513,0,-0.93168262242982,0.492975345966124,0.531560764827445
7224,0.406755574982834,0.346256123131476,0,-0.504278466097474,0.280533763537258,0.524256683481429
7225,0.295063194969588,0.488353467606355,0,-0.969901870420564,0.777583922269635,0.534350330117245
7226,0.487031828598295,0.486736124627407,0,-0.169622668716293,0.771926528830074,0.521667746784283
7227,0.515764636846017,0.494294641126433,0,-0.0498412835360322,0.798365881651947,0.519856969910823
7228,0.470804773221845,0.477173373262958,1,-0.237270047755274,0.738476452045159,0.522599367275759
7229,0.747501970098647,0.506574611621143,1,0.91622574811866,0.841320669485462,0.504352816126364
7230,0.525396926131112,0.340381663673536,0,-0.00968617780886575,0.259985166961958,0.517624859576135
7231,0.747092278059192,0.3868454895054,1,0.91451782317237,0.422513552628759,0.50513600872423
7232,0.526894383421473,0.347951241631817,0,-0.00344357503431715,0.286463212273816,0.517619965049905
7233,0.487478437701,0.357019862401802,0,-0.167760843847145,0.31818484232864,0.519928442086852
7234,0.410701318148412,0.478035383898695,1,-0.487829444551662,0.74149172671412,0.526532478086018
7235,0.467907799762458,0.401531151345605,1,-0.249346956173139,0.473883341246126,0.521680329780871
7236,0.435605364635373,0.318085903434358,1,-0.384009408616318,0.181995594342594,0.522178646668074
7237,0.435521173416793,0.241299648827865,0,-0.384360385127023,-0.0865992916608462,0.52087175092195
7238,0.367591026738656,0.226814257388221,0,-0.667547708637274,-0.137268543369832,0.52377725046556
7239,0.372677670808754,0.245499970999661,0,-0.646342497250266,-0.0719067524727756,0.523948284779699
7240,0.406535950627049,0.237295231207069,0,-0.50519403652583,-0.10060656548713,0.522171643713475
7241,0.533009015182628,0.25845418375102,1,0.0220471133767772,-0.026593495366452,0.516405880127986
7242,0.641955980503624,0.309794417114804,0,0.476225427756108,0.152992345854793,0.51116586021388
7243,0.560315101514753,0.333384562283724,1,0.135880777546134,0.235509619094929,0.515650971348578
7244,0.639658916517464,0.338822274283877,0,0.466649423080973,0.254530492587009,0.511338160721914
7245,0.47454745817376,0.319320905848456,1,-0.221667535673317,0.186315577578248,0.520121626333406
7246,0.50341868960545,0.276305085576541,0,-0.101309091662819,0.0358481612224227,0.518064729928038
7247,0.494087497069684,0.415568583724268,0,-0.140208984693858,0.52298565218511,0.520299805838828
7248,0.455478217303942,0.437720427799992,0,-0.301163422954155,0.60047181249826,0.522983927093407
7249,0.528857659841193,0.408954889608805,0,0.00474093540470241,0.49985124582413,0.518125901357036
7250,0.593508980711604,0.381162960618859,0,0.274259483707596,0.402636320612251,0.514092799334472
7251,0.499942923767514,0.935874223775875,0,-0.115798870839319,2.34299152163133,0.526314059472461
7252,0.561639299536741,1.0519163018008,1,0.141401096756118,2.74890152308193,0.521053619963334
7253,0.548850556457949,0.783560274758968,0,0.088087360504331,1.81020413692835,0.520137673084064
7254,0.474080496011624,0.753448344831783,1,-0.223614208414982,1.70487395215005,0.52630277285981
7255,0.566847177831833,0.444094579663461,0,0.163111709608789,0.62276831077013,0.51609575767529
7256,0.368988921955151,0.459288910873205,0,-0.661720160423922,0.675917402102874,0.528838461501619
7257,0.224034972828525,0.656360852977424,0,-1.26600445676008,1.36526624578881,0.544531378957918
7258,0.517818030075177,0.559280640866548,0,-0.0412810939719624,1.02568400364483,0.520429149361483
7259,0.562946467047255,0.578766547585073,0,0.146850419137769,1.09384483425908,0.517353738440444
7260,0.464888010000439,0.744673202588982,0,-0.261935861424907,1.67417889686382,0.526961537557284
7261,0.488383614625285,1.1497737525945,1,-0.163987340579057,3.09120251139315,0.530264902047396
7262,0.905897714619388,1.12754694955647,0,1.57654622642964,3.01345414798078,0.482331220176645
7263,0.3138557387943,1.01881467775699,0,-0.891559478302897,2.6331135219333,0.546949993051934
7264,0.46537675328664,1.00247654396771,1,-0.259898387492183,2.57596346030924,0.530739593391636
7265,0.662082805209697,0.823453691036292,1,0.56013017252692,1.94974952369331,0.510145509108662
7266,0.67527431702864,0.641155359367266,1,0.615122971861806,1.31207810887841,0.50910708451462
7267,0.527229341870219,0.457398871268929,0,-0.00204719962183608,0.669306128058398,0.518718035767139
7268,0.357657584294895,0.516004577792549,1,-0.708958262219919,0.87430626960107,0.530858592174552
7269,0.516371689920746,0.517735716201907,1,-0.0473105995338945,0.880361714369156,0.520074797882295
7270,0.346831373038306,0.531137509192266,1,-0.754090592112216,0.927240587143122,0.531952900710193
7271,0.492676562510104,0.35471445794706,0,-0.146090891345242,0.310120640605471,0.519606783994592
7272,0.411987634865207,0.363270037262953,0,-0.482467044998168,0.340047674588601,0.524287519484133
7273,0.318233830407004,0.466149949520441,0,-0.873308081735792,0.699917008578844,0.532250918629526
7274,0.405884862308319,0.647727791082135,0,-0.50790829473616,1.33506818120669,0.530117350939786
7275,0.527433008509434,0.646519871786685,0,-0.001198153752396,1.33084293350936,0.520631287511026
7276,0.521684037169954,0.790934401414373,1,-0.025164476308396,1.8359985023201,0.522611893886657
7277,0.633228115553496,0.647969839717273,1,0.439840687901259,1.33591485651199,0.512385856010969
7278,0.55874674248458,0.494361286667037,0,0.129342599465022,0.798599004773693,0.516998240828202
7279,0.408056860851001,0.635285881830566,0,-0.498853663117525,1.2915469388409,0.529710511069369
7280,0.532323620608615,0.780595786584026,1,0.0191898391847616,1.79983448981524,0.521566298713184
7281,0.985211847384626,0.641617669683534,0,1.90719113259695,1.31369524969786,0.485034060029089
7282,0.322262160091397,0.744734096374972,1,-0.856514773354678,1.67439190060505,0.539094355493009
7283,0.466472275304771,0.515760894843977,1,-0.255331373238098,0.873453877540432,0.523451036195949
7284,0.415002200772314,0.525267378480259,1,-0.469899916962601,0.906707132327582,0.527130507635512
7285,0.658953948960985,0.451388651335528,0,0.547086590699848,0.648282647408894,0.51031425384764
7286,0.492834808084318,0.472211787384752,1,-0.145431196897189,0.721121046443171,0.521099596662638
7287,0.487086875982045,0.385899284931886,1,-0.169393187079161,0.419203771329209,0.520332014662095
7288,0.640575095168532,0.296645414713019,0,0.470468790368407,0.106997723259047,0.511216366184741
7289,0.273226881676874,0.673673280625442,0,-1.0609331344335,1.42582434377642,0.541187483801238
7290,0.907191580802392,0.676802125224851,0,1.58194009821209,1.43676890231503,0.490446423215962
7291,0.812248658603591,0.802796687337417,1,1.18614186519615,1.87749224819387,0.496660003257468
7292,0.600233910988378,0.681060425974227,0,0.302294385720926,1.45166424797563,0.515119221130255
7293,0.668708842976777,0.606115305782559,1,0.587752811259438,1.1895095678502,0.509631396601253
7294,0.843859656936293,0.604486306644739,0,1.31792185462764,1.18381140168798,0.49651528226224
7295,0.559044234407954,0.568005019843615,0,0.130582784355911,1.05620149129683,0.517554003660414
7296,0.668020029384048,0.67268091515116,0,0.584881283855757,1.42235309370954,0.509658631916613
7297,0.584469074498008,0.924934268352705,0,0.236573905645449,2.30472404661477,0.517829897853014
7298,0.715186749653311,1.0557254332207,0,0.781509996216656,2.76222569450744,0.504386681474601
7299,0.493285756767315,0.968292067944347,0,-0.143551281177537,2.45638769134335,0.527389282466541
7300,0.631214590004121,1.16985546065916,0,0.431446698795824,3.16144742848181,0.51379464390688
7301,0.776179026625587,1.3049104925168,0,1.03577471542024,3.63386389249472,0.49563259221328
7302,0.687356140751286,1.90152835068887,1,0.665489701369253,5.72080648950732,0.505875158546887
7303,1.10376803865672,1.21540168128906,1,2.40142840623323,3.32076607217228,0.456921345237713
7304,0.808542457242933,1.16695947143815,0,1.17069144597819,3.15131738764742,0.493012900783544
7305,0.452017325561041,1.05026247852051,1,-0.315591194975238,2.74311652317907,0.532889453087196
7306,0.429969878448012,0.850254254401129,1,-0.407502634056259,2.04349669626602,0.531778557853335
7307,0.431540295419056,0.673441053772952,0,-0.400955876827362,1.42501202462775,0.528565490091085
7308,0.336907136717105,0.81115699560625,1,-0.795462767193782,1.90673623278367,0.539469666120489
7309,0.635941720606091,0.372994782200752,1,0.451153169759268,0.374064397651425,0.511612046702947
7310,0.530937539039262,0.325014263488378,1,0.0134115397258794,0.206230688089998,0.517167727924251
7311,0.487432291701124,0.3188536865342,1,-0.167953217378404,0.184681265303291,0.519427722876922
7312,0.41963793811049,0.302402693089225,1,-0.450574446409522,0.127136425648841,0.522742572900569
7313,0.350926769973999,0.299147155757567,0,-0.737017693647472,0.115748701596433,0.526243629484762
7314,0.366833308205746,0.241947878496726,0,-0.67070648708546,-0.0843318132572694,0.524148709914684
7315,0.318459991536879,0.28297810492174,1,-0.872365260791288,0.0591900845849764,0.527507463815228
7316,0.401027288338221,0.312326953017276,1,-0.528158558258523,0.16185104322856,0.523906822723837
7317,0.453961466745812,0.407991190733932,1,-0.307486455539739,0.496480270240482,0.522611827704952
7318,0.485199550391031,0.360369192021729,1,-0.177261073560315,0.329900647612571,0.520101251072909
7319,0.459380708543568,0.377531267791908,0,-0.284894710118774,0.389932821452758,0.521821019942312
7320,0.298327418748659,0.553857608382822,1,-0.956293968177789,1.00671447844499,0.535922860586074
7321,0.425709528433022,0.362117343908515,1,-0.425263189228889,0.336015604764138,0.523489870501935
7322,0.507748010165771,0.322595397888576,1,-0.0832610119508154,0.197769604353512,0.518387559489857
7323,0.51019186846845,0.313135312425043,0,-0.0730730508522873,0.164678648300478,0.518147867534058
7324,0.353680413725731,0.400074355962714,0,-0.725538298385035,0.468787536120544,0.528441772165156
7325,0.411573113800694,0.383348426076783,1,-0.484195101193223,0.410280981086237,0.524689768756887
7326,0.61338285763991,0.259755948128647,1,0.357109739305682,-0.0220399817668637,0.512485021196775
7327,0.580152173256472,0.205068741545116,1,0.218577599613005,-0.213333385689551,0.513770702658159
7328,0.466551399635461,0.224686534975996,1,-0.255001519579181,-0.144711221251272,0.519152132929529
7329,0.490058976055739,0.143601375635126,1,-0.157003090689969,-0.428343483839715,0.517010506035277
7330,0.503254263595237,0.229632910681872,0,-0.101994551124115,-0.127409020152151,0.517512757418394
7331,0.310277229765438,0.174071712358506,0,-0.906477573487386,-0.32175960811034,0.525040686388543
7332,0.319201449175115,0.225504589996403,1,-0.869274270791473,-0.141849701359765,0.525988301550726
7333,0.419356859761085,0.190585085945207,1,-0.451746206362317,-0.263996565508738,0.520712015080602
7334,0.480583082553176,0.201171839661212,1,-0.196506213384134,-0.22696457427451,0.518180490906986
7335,0.643731077974393,0.178195316619578,1,0.48362545743805,-0.307335424744422,0.510880393052455
7336,0.500505534364863,0.171614323497827,0,-0.11345345872065,-0.330355444491249,0.516932575690551
7337,0.464672311053428,0.215713536834175,1,-0.262835067601767,-0.176098367627437,0.519105423841098
7338,0.56300871311254,0.138859287474044,1,0.147109910652055,-0.444931096239504,0.514041400633859
7339,0.562337305286772,0.135045211680042,1,0.144310944442485,-0.458272562864598,0.514039287558896
7340,0.55334447739785,0.0261816475619415,0,0.106821626588979,-0.839072443573418,0.513497408268322
7341,0.387268777342345,0.166287594527638,1,-0.585515064830921,-0.348988104305837,0.521611439034187
7342,0.548465947708505,0.122139509130733,1,0.0864840028247173,-0.503416133452724,0.514477096753375
7343,0.505239840729603,0.181245390710705,0,-0.0937170734238431,-0.29666640192248,0.516846458788126
7344,0.461684740155525,0.405560091008918,0,-0.275289658792083,0.487976392080915,0.522111652674707
7345,0.417391522164595,0.328836300012054,0,-0.459939309438939,0.219600000991619,0.523346826624983
7346,0.407669750189058,0.295254254671116,1,-0.500467450774681,0.102131507622117,0.523228862430858
7347,0.526728185319946,0.239670552236129,0,-0.00413642199322196,-0.0922977987125122,0.51652018339401
7348,0.394523655330488,0.294883478337408,0,-0.555270915799561,0.100834548581786,0.523898888261721
7349,0.492978371916912,0.262627662891692,0,-0.144832707721273,-0.0119948519012742,0.518413695099898
7350,0.280425212140814,0.333419841790328,0,-1.03092472082763,0.235633025231913,0.530876490433232
7351,0.408236312842498,0.347041660763128,0,-0.498105563317133,0.28328153905654,0.524189734779787
7352,0.4976628871542,0.240479732675056,1,-0.12530389177044,-0.089467321710296,0.517908399214147
7353,0.6704592454209,0.139409494015307,1,0.595049892267752,-0.443006498354295,0.509756881585765
7354,0.563891213616923,0.132139957828142,1,0.150788880418112,-0.46843501096369,0.513956131694101
7355,0.512069397610093,0.107931374129098,0,-0.0652460038277399,-0.55311555453587,0.51572088770609
7356,0.399416708292287,0.135753515297083,1,-0.534872747389722,-0.455794948475801,0.520498427670627
7357,0.502273568270718,0.0646504026993609,1,-0.106082875641437,-0.704510457788585,0.515565700184815
7358,0.542705814376635,0.0676429702891231,0,0.0624711481338061,-0.694042590137676,0.514206523202433
7359,0.378855381988163,0.188118341439688,0,-0.620588843241461,-0.272625127517068,0.522429358082922
7360,0.396442533505865,0.208427384617876,1,-0.547271492845243,-0.201585002363951,0.522070467472244
7361,0.558203731714276,0.140271507955016,0,0.127078895142282,-0.439991212128187,0.514244069550599
7362,0.364595136600689,0.363036590752157,0,-0.680036981091247,0.339231089129697,0.526965380401892
7363,0.49190336305264,0.294120762415655,1,-0.149314206700887,0.0981666023835222,0.518871318440903
7364,0.612292735689254,0.185804128502062,0,0.352565236863064,-0.280720140919592,0.512255909608129
7365,0.462177445269883,0.136649723771212,1,-0.27323566878267,-0.452660051296905,0.518026497989002
7366,0.593283668449635,0.108017997393656,1,0.273320201525219,-0.552812550228802,0.51267263191868
7367,0.508509533539752,0.003915081702782,1,-0.0800863718740015,-0.916959895556566,0.514646590487722
7368,0.62309917926403,0.029729240793721,1,0.397615159206165,-0.82666312103829,0.511317436455811
7369,0.374032961923781,0.080679885555413,1,-0.640692557095416,-0.648440043331212,0.520308619030833
7370,0.57093805400504,0.16981255067189,1,0.18016576191036,-0.336657965290924,0.513939672395068
7371,0.582452617859768,0.135516328328938,1,0.228167697411226,-0.456624617887298,0.513246015736771
7372,0.451278506174873,0.129835238595725,1,-0.31867118662486,-0.476496815809797,0.518350540106343
7373,0.405005386619256,0.104308941610395,0,-0.511574654646407,-0.565786661551079,0.519667969652784
7374,0.258131224737418,0.190924460299681,1,-1.12386393753582,-0.26280944918799,0.527764495366863
7375,0.500950815447978,0.104454904034003,0,-0.111597170102072,-0.565276091518324,0.516095843323009
7376,0.408679771014518,0.0548164522555742,1,-0.49625687405376,-0.738909176829493,0.518585833171415
7377,0.524170405488041,-0.0229011494939407,0,-0.0147992993775131,-1.0107618735048,0.513901149899127
7378,0.492540296504241,0.164472922455475,1,-0.146658957327324,-0.355335746092169,0.517178089263067
7379,0.457827841801811,0.156642870981421,0,-0.291368303918739,-0.382724916118138,0.518507216791668
7380,0.449019984859191,0.244440563500586,1,-0.328086514542659,-0.0756125125453758,0.520280833716177
7381,0.432903388859685,0.222261763233517,1,-0.395273410322837,-0.153192964410816,0.520667212185324
7382,0.343072981973152,0.197507449309062,1,-0.769758579868651,-0.239782447915459,0.524211379390167
7383,0.592748748326973,0.151633185928268,0,0.27109022550962,-0.400248570483891,0.512923344017989
7384,0.482098868968349,0.172015149735097,0,-0.190187200119523,-0.328953372231591,0.517716730932624
7385,0.424697097810674,0.137752511783596,1,-0.429483811915618,-0.448802548128007,0.519533163700022
7386,0.564242425212197,0.112556475273495,1,0.152253011978472,-0.536937157490719,0.513796836484744
7387,0.525313447437579,0.14417261242121,1,-0.010034183943808,-0.426345323098245,0.51559890620238
7388,0.425729452690161,0.14493425513116,0,-0.425180128948172,-0.423681130946891,0.519620097017463
7389,0.444475032238855,0.262731111039578,0,-0.347033521592888,-0.0116329949044574,0.520797990221348
7390,0.474706088484924,0.268035598993352,1,-0.221006237333141,0.00692186682895976,0.519387862629951
7391,0.637145344790889,0.115369488370519,0,0.45617084052951,-0.527097363428707,0.511039769091518
7392,0.364916710559176,0.260646652193595,0,-0.678696402966985,-0.0189243387652141,0.524657985375115
7393,0.326857058924901,0.455051677298774,0,-0.837359550436854,0.661095748478452,0.53141759280774
7394,0.418754482770233,0.407133238566468,0,-0.454257396697174,0.493479191912109,0.524708182525414
7395,0.435575295085403,0.355508033665879,1,-0.384134762612908,0.312896532994331,0.522819093911943
7396,0.585932607386347,0.155122459472144,0,0.242675084308901,-0.38804324760996,0.513221860613437
7397,0.504525423092242,0.509362567610803,1,-0.0966953390170507,0.851072814906056,0.520783763617445
7398,0.770191271247106,0.312884509370796,1,1.01081294951238,0.163801350428483,0.504379145297841
7399,0.619760152165475,0.204116303685548,1,0.383695416744129,-0.216664970745067,0.511991517003644
7400,0.72331382493387,0.141540555828427,0,0.815390162964606,-0.435552139397805,0.507637100801646
7401,0.443732110849329,0.184023525903282,0,-0.350130613681845,-0.286948609211057,0.51953848919606
7402,0.468855231561463,0.173339577817214,1,-0.245397300703677,-0.324320582006843,0.518296674174881
7403,0.80800950788284,0.0339889671595956,0,1.1684696856813,-0.811762788634902,0.505412773113011
7404,0.488963412035918,0.0731840602037347,0,-0.161570280040779,-0.67466010532217,0.516133610163931
7405,0.529714189230047,0.264891774115412,1,0.00831163673538711,-0.00407509205427114,0.516631265241952
7406,1.0351312589417,0.196237655793371,0,2.11529526958689,-0.244224128869204,0.493605950982305
7407,0.667551722504156,0.273881397499489,0,0.58292900525217,0.0273702086761,0.50982835381991
7408,0.572405044471973,0.32342996723395,1,0.186281354533976,0.200688890615507,0.514924650301133
7409,0.476472011604064,0.277789522017355,0,-0.213644453705561,0.0410406535329677,0.519437055123624
7410,0.330474601585978,0.362570616928051,0,-0.822278731772814,0.337601133523612,0.528883921468617
7411,0.725423161798087,0.447982095363565,1,0.824183570459947,0.636366666903751,0.506118057098358
7412,0.878068728269303,0.309177574853465,1,1.46053269567981,0.150834659199601,0.498724245457325
7413,0.384912113046546,0.260978111056303,1,-0.595339531389215,-0.0177649104808161,0.523686436208556
7414,0.625810329907797,0.279783010266206,1,0.408917409120024,0.0480137863116575,0.511932820413122
7415,0.732507460230488,0.319384760831116,1,0.853716607117811,0.186538939453055,0.506341355337728
7416,0.563314006647517,0.263988825478697,0,0.148382618916099,-0.00723356602058759,0.514967389406126
7417,0.451329623161537,0.236943181554079,0,-0.318458090034506,-0.101838019435457,0.520051364232276
7418,0.412557773420804,0.32016721578348,1,-0.480090250312965,0.189275931897991,0.523445186447306
7419,0.556524025287305,0.343136769624519,0,0.120076531823522,0.26962240441577,0.515935521167893
7420,0.362502594154984,0.260082919245607,0,-0.688760375983038,-0.0208962514164733,0.524763397932045
7421,0.482581169904473,0.275898848992881,1,-0.188176583067943,0.0344271638129545,0.519104367277563
7422,0.650430854007751,0.274103392006879,1,0.511555496394016,0.0281467355390315,0.51068500215468
7423,0.524211556742208,0.193880072086171,1,-0.0146277479515775,-0.252470851284877,0.516161839794477
7424,0.673991703714023,0.254195215673927,0,0.609776011058292,-0.0414911753095795,0.509522247301383
7425,0.541896261273043,0.388794718682732,0,0.0590962816296617,0.429331869153807,0.517158480232053
7426,0.343115743217072,0.374298856577736,0,-0.769580316714399,0.378625991525498,0.528450597888004
7427,0.348000727322523,0.460154162678848,0,-0.749215785768112,0.678944014239276,0.530197055314568
7428,0.480766250572674,0.425563109150905,1,-0.195742622199202,0.557946055337773,0.521243717203354
7429,0.483073051577554,0.378245010622757,1,-0.186126025822077,0.392429461968305,0.520462857739964
7430,0.448573792150257,0.281279505043694,1,-0.329946603548671,0.0532484581448381,0.520895302492484
7431,0.453811561633416,0.200967233624516,1,-0.308111380254846,-0.227680277044277,0.519369024757325
7432,0.478639015848596,0.134358008093389,1,-0.204610642326467,-0.460676370290344,0.517341582743639
7433,0.582615379616096,0.127471372570316,0,0.228846218927792,-0.484765513493724,0.513190906429953
7434,0.447223818607409,0.154846304376365,0,-0.335574375798601,-0.389009225789911,0.518914702604792
7435,0.320238634583625,0.239363243943609,1,-0.864950450305532,-0.0933727493820056,0.526296542281517
7436,0.361570421090694,0.186889568312453,1,-0.692646420810462,-0.276923320985744,0.523153570661439
7437,0.510057896090526,0.0987786544441256,1,-0.0736315551538986,-0.585131358835806,0.515691166984465
7438,0.569367225013845,0.0964847581244332,1,0.173617287051085,-0.593155305617023,0.513489461472443
7439,0.582370876866491,0.0846394609080099,0,0.227826935404383,-0.634589625754485,0.512940577107332
7440,0.53814636318917,0.0541609988788198,0,0.0434636994295999,-0.741201923440356,0.514237314129566
7441,0.505625664972399,0.0862973537363101,0,-0.0921086485932527,-0.628790390754611,0.515706836902082
7442,0.393030627534745,0.181412398457518,1,-0.561495052888594,-0.296082216289949,0.52167666659509
7443,0.473492453038841,0.131515321835141,0,-0.226065643068295,-0.470619959743829,0.51750443762969
7444,0.465656759067882,0.178593119636839,1,-0.258731098863573,-0.305943927573208,0.518510263013698
7445,0.556354095681704,0.0989915976273755,1,0.119368128963401,-0.584386493100091,0.513986907648534
7446,0.574882167136714,-0.00713736460005699,1,0.196607988167762,-0.955620858641477,0.512600166295902
7447,0.58379090108454,-0.0439117063264522,0,0.233746735041126,-1.08425586206066,0.512123476983206
7448,0.334215057330575,0.0162086222813387,1,-0.806685512814523,-0.873957640176384,0.52012921581005
7449,0.639192017213647,-0.040573698711849,0,0.464703012383183,-1.07257966064522,0.51068119845529
7450,0.563314732865409,0.003393599635196,0,0.148385646374616,-0.918784016516938,0.513013443978686
7451,0.551825920260997,0.10125934513645,0,0.100491062734606,-0.576454013689473,0.514172813531787
7452,0.409472960361312,0.220356331208507,0,-0.492950224809801,-0.159858080454924,0.521710638185018
7453,0.542972456051615,0.323471869533854,0,0.0635827244510441,0.200835462987394,0.516506012958025
7454,0.640989702497683,0.259857345788361,0,0.472197206183647,-0.0216852972860103,0.511133700893184
7455,0.504449152652874,0.72415958519658,1,-0.0970132953684438,1.60242318025455,0.523346174785987
7456,0.684383949157648,0.308378499263041,1,0.653099223451543,0.148039528505732,0.508931223661405
7457,0.544835623786758,0.286138969193516,1,0.0713499016171083,0.0702466465061288,0.516074290515067
7458,0.974242158466034,0.12159605679883,0,1.86146067275686,-0.50531710541553,0.49804292188792
7459,0.417803911114999,0.226076451800024,0,-0.458220141605199,-0.139849354334891,0.521433250404333
7460,0.540643691979336,0.473684714493889,1,0.0538745683971444,0.726273279626019,0.518012588120364
7461,0.988705946321441,0.216505761881955,0,1.92175733883061,-0.173327199825491,0.495162078694488
7462,0.638083725482822,0.580674496663983,1,0.46008276372675,1.10051875484522,0.511879878063175
7463,0.695523833276127,0.49639327429559,1,0.699539193361718,0.805706806661525,0.507887435079725
7464,0.90586129133771,0.398808630478956,1,1.57639438498432,0.464360084960648,0.495624391431375
7465,0.655999494615556,0.275257400240319,0,0.534770055855908,0.0321834047514609,0.510406975056194
7466,0.409255060509921,0.336749847783088,1,-0.493858606120986,0.247281237331852,0.523937322108534
7467,0.561494825439467,0.191405469039754,0,0.140798812867091,-0.261126902117964,0.514502902088
7468,0.505391500675065,0.300184630372894,0,-0.0930848331573444,0.119377741422159,0.518248560817354
7469,0.311147409632464,0.467608939918789,1,-0.902849966017567,0.705020491770369,0.532744480838749
7470,1.10592644747253,0.367750185169117,0,2.41042638497284,0.35571903168632,0.484771915580834
7471,0.453268989701949,0.480568535109634,1,-0.310373255145414,0.750352576409401,0.523795882194922
7472,1.04702356607364,0.508571654901334,1,2.16487194197381,0.848306237604855,0.484072302217807
7473,0.698698777073963,0.388145941418245,0,0.712774905050443,0.427062475285212,0.507964780622949
7474,0.381884948812622,0.497239290213523,0,-0.607959179353365,0.808666132522629,0.528815777283416
7475,0.32907815196208,0.576363370073472,1,-0.828100253597023,1.08543862675382,0.534309941128132
7476,0.739689390765004,0.42012324929715,1,0.883656652666994,0.538917668749814,0.505377821074926
7477,0.566734205462826,0.291346986407569,1,0.162640750183936,0.0884640579045785,0.514997002399798
7478,0.389506857447841,0.216279406782025,1,-0.576184952268672,-0.174118979846193,0.522543995122951
7479,0.436650371179432,0.284166261006858,0,-0.379652983365761,0.0633462014560524,0.521546601348771
7480,0.444438066499021,0.24253338171303,1,-0.347187624438787,-0.0822837491806515,0.520468325742875
7481,0.499487049350429,0.177194982633412,1,-0.117699320968518,-0.310834548309657,0.517044237795082
7482,0.484569420403782,0.117016576632302,0,-0.179887960638861,-0.521335922319507,0.51687477162341
7483,0.478991358128305,0.104794308453671,0,-0.203141797166704,-0.564088870030871,0.516918910432743
7484,0.458730289039021,0.139256464479127,1,-0.287606180175276,-0.443541788830905,0.518203268832463
7485,0.357237729277221,0.197388539406036,1,-0.710708554608963,-0.240198389440562,0.523582544581958
7486,0.365792257677926,0.0949569777358323,0,-0.675046420488065,-0.598499413119303,0.520919412732531
7487,0.463821821296614,0.147048201675156,0,-0.266380590903027,-0.416286640436687,0.518116848592951
7488,0.437855640673351,0.186629387070088,0,-0.374628453627754,-0.277833423340541,0.519836544198018
7489,0.443461851929628,0.15270384803938,0,-0.351257269575693,-0.396503442281503,0.519033754436704
7490,0.293095185737885,0.325074375321511,1,-0.978106111015098,0.206440956595088,0.529957005235779
7491,0.458414728161902,0.248330233432714,0,-0.288921690954595,-0.0620066210044333,0.519891961513173
7492,0.37610941813161,0.271126013530597,0,-0.6320362225424,0.0177319987280683,0.524335870706943
7493,0.44364951530426,0.316806746185243,1,-0.350474938145808,0.177521159467924,0.521729118849466
7494,0.456282562712933,0.253041642852173,0,-0.297810266297077,-0.0455263214713958,0.520067547200972
7495,0.220318499980417,0.505297643953969,0,-1.28149769577428,0.836853893670542,0.539829530383106
7496,0.330900379346319,0.599444888555398,1,-0.820503748642976,1.16617674658022,0.534751647134988
7497,0.556689282121797,0.478496888406278,1,0.120765454826639,0.743106048850805,0.517008348495146
7498,0.633223748311828,0.395747750059233,0,0.439822481735962,0.453653262084357,0.511819364971461
7499,0.309398546991298,0.428844003034157,0,-0.910140627892412,0.569422475474133,0.531830508518249
7500,0.215579541432487,0.752069106696424,1,-1.30125347510114,1.70004943880926,0.548383981092585
7501,0.571381248090367,0.639453377238113,1,0.18201335024863,1.3061246514751,0.517157132424821
7502,0.619969741776163,0.559882906935404,1,0.384569154308211,1.02779070343033,0.513135859322153
7503,0.549142955228964,0.401579579487772,0,0.0893063130520685,0.474052740722521,0.516843148189463
7504,0.353547525254006,0.30352473845231,1,-0.726092284096438,0.131061290169619,0.526209468405594
7505,0.496702908099429,0.299844692426838,0,-0.129305854263388,0.118188653683251,0.518695688124966
7506,0.434985640344684,0.379255600215575,1,-0.386592916407431,0.395964459187146,0.523258563474873
7507,0.483734926019188,0.305823997119085,0,-0.183366802402255,0.139103994201217,0.519449504439866
7508,0.546428913323942,0.255480195865057,1,0.0779920100428377,-0.0369963720440463,0.515724470380073
7509,0.591811335970982,0.15307683997507,0,0.267182339113077,-0.395198733164485,0.51296935111935
7510,0.628294046918205,0.190057417690978,1,0.419271533274459,-0.265842325473444,0.511572609787548
7511,0.588705157322875,0.165122206506919,1,0.254233295710153,-0.353064579505454,0.513163852527376
7512,0.469821698817018,0.173738819422842,1,-0.241368290187071,-0.32292405271783,0.518261461365885
7513,0.57962370216139,0.0502665539044543,1,0.216374508315733,-0.754824517865582,0.512823268659711
7514,0.55915367130785,0.0793543892629833,0,0.131039005110471,-0.653076570107881,0.513730312485536
7515,0.542137108281489,0.0807162859547795,1,0.0601003250924346,-0.648312716361451,0.514344964708884
7516,0.542734945878881,0.0551745672847358,0,0.0625925915952794,-0.737656506466461,0.514092759799377
7517,0.511314508175548,0.171687469903193,1,-0.0683929883253242,-0.330099581635174,0.51647608952836
7518,0.735945666998615,0.103764594227477,1,0.868049809973297,-0.567690764362325,0.507337429522787
7519,0.609664468139497,0.0912203659689545,0,0.341608510147736,-0.611569914040425,0.511990002084131
7520,0.572943636858583,0.110745160162017,0,0.188526639490445,-0.543273056778644,0.513454884686312
7521,0.51266479108075,0.0727187005306206,1,-0.0627639264050352,-0.676287912655543,0.515300628771708
7522,0.496479720477382,0.0479402763602291,1,-0.130236279242855,-0.762961732722662,0.515555191786592
7523,0.650466244686636,0.0684543365384981,0,0.511703033122856,-0.691204467268228,0.510487428744402
7524,0.473694248921353,0.0709236358277484,1,-0.225224396012926,-0.682566968740614,0.516634654104409
7525,0.419855484259985,0.0304401927778278,0,-0.449667539611465,-0.824176242779887,0.517765889019947
7526,0.518890697261405,0.0795272614656736,1,-0.0368093569841918,-0.652471870870853,0.515157163546279
7527,0.523782153746562,0.0965205720952966,1,-0.0164178439691867,-0.593030029947951,0.515161845950109
7528,0.617200213185165,0.0208877561198809,1,0.373023538297899,-0.857590239182563,0.511473768337569
7529,0.502093967129367,-0.0112277189935988,0,-0.106831597218022,-0.969928735457156,0.514654135840358
7530,0.50838238284207,0.0647032714968456,0,-0.0806164379421578,-0.704325525098401,0.515356884659362
7531,0.552180965735306,0.10418414904553,0,0.101971176977112,-0.566223180364323,0.514184038556361
7532,0.486777424328871,0.121440500571439,1,-0.170683229714184,-0.505861234145044,0.516848987816816
7533,0.534952664659093,0.0189788580127818,1,0.0301498029777583,-0.864267479426875,0.514005569989776
7534,0.631186183120697,-0.0525787378811808,1,0.431328276126663,-1.11457275099294,0.510863684208705
7535,0.573085022041753,-0.0347334535675941,1,0.189116046308533,-1.05215074420969,0.512465417216235
7536,0.620582264272538,-0.00393395941392956,0,0.387122639245616,-0.944415490503649,0.511289527902171
7537,0.474596667033161,0.0500794186351614,0,-0.221462393687492,-0.755479108671977,0.516308196457258
7538,0.375885795679663,0.210337290712781,0,-0.632968460241573,-0.194904236223354,0.523037334741818
7539,0.444291409007137,0.293909995445543,1,-0.34779901046738,0.0974293489440792,0.521319016666654
7540,0.551674456365176,0.201960109445742,1,0.0998596397602198,-0.224207241806597,0.515021451422388
7541,0.444403006451701,0.19943872722935,1,-0.347333782830137,-0.233026924085069,0.519762562702551
7542,0.58353610478719,0.13396578456056,0,0.232684539756479,-0.462048350674436,0.513193821497549
7543,0.49104340405435,0.364320512473732,0,-0.152899205393854,0.343722189916046,0.519822369537229
7544,0.441699546509098,0.338040015091437,1,-0.358603971734488,0.251794184901533,0.522185553926572
7545,0.595057714472838,0.282050208219246,1,0.280715847930564,0.0559443433998327,0.513496037568482
7546,0.557105348526834,0.261521679089594,1,0.122499953240182,-0.0158635337997278,0.51525355266153
7547,0.588172764259824,0.17730465338209,1,0.252013854505423,-0.310450924933441,0.513254729737952
7548,0.560856494947352,0.250111787980729,0,0.1381377395084,-0.0557748228371044,0.514981838528395
7549,0.515384676614011,0.279936455133607,0,-0.0514252624673873,0.0485505295983103,0.517504765593642
7550,0.496517096624054,0.21198550152338,1,-0.130080465492159,-0.18913886848858,0.517606354715028
7551,0.560079285685258,0.284321552453817,1,0.134897708071656,0.0638894039954509,0.515284089267948
7552,0.577135380999215,0.277686897335887,1,0.206001190364735,0.0406816769848685,0.514375056728244
7553,0.597580640845431,0.250501008070452,0,0.291233428147981,-0.0544133483627292,0.513212959361751
7554,0.525451356495765,0.229697887600632,1,-0.00945926840210506,-0.127181733795019,0.516477627208268
7555,0.524741190772908,0.172214525020697,0,-0.0124198086061084,-0.328255966395325,0.51591338161748
7556,0.520257223404995,0.201844377452668,0,-0.0311125802210896,-0.224612067144754,0.516421214452397
7557,0.459974481003541,0.263697437281751,1,-0.282419390368465,-0.00825282890744887,0.520051332416328
7558,0.521466227204894,0.137945971251055,1,-0.0260724829012747,-0.448125835559138,0.515687527606584
7559,0.587028015562941,0.133612080184425,0,0.247241623980172,-0.463285592770352,0.513053871293299
7560,0.523893564005548,0.274591518674789,1,-0.0159533966715348,0.0298541808024368,0.517019706853104
7561,0.462895815081694,0.18880203787326,0,-0.270240927357169,-0.270233587956018,0.518781944670173
7562,0.389003101723355,0.189479754232297,1,-0.578285010082416,-0.267862966428364,0.522015819015428
7563,0.512105324874237,0.0814677943066146,1,-0.0650962301812553,-0.645683973741744,0.515419384666665
7564,0.541286001798823,0.0867831934510909,0,0.0565522307832822,-0.627090945151016,0.514430698971699
7565,0.529565684288558,0.0537758292612499,1,0.00769254905539715,-0.742549229544207,0.514520901273454
7566,0.624644515188164,-0.044346917867101,0,0.404057358519425,-1.0857782125744,0.511054250044325
7567,0.624102296460997,0.0560188682322507,1,0.401796956067612,-0.734703179495214,0.511362765868103
7568,0.541781916293307,0.055880983628703,1,0.0586196000626144,-0.735185493674507,0.51413119872795
7569,0.600660993887418,0.0505714979850895,1,0.304074809715432,-0.75375783710357,0.512125964722495
7570,0.593861350688949,0.0173146423397841,0,0.275728444333318,-0.870088831454848,0.512178887241934
7571,0.624606124348317,0.0896583739574357,0,0.403897314713909,-0.617033692270294,0.511443197047622
7572,0.591400171918059,0.121902229378147,1,0.265468277634267,-0.504246127420049,0.51281818318
7573,0.681989445509893,0.0593572691706331,0,0.643117012131494,-0.723025602250774,0.509409981296072
7574,0.506630160164453,0.238418433827673,0,-0.0879211071432917,-0.0966776529312856,0.517458468805667
7575,0.488819252666954,0.595091962528428,1,-0.162171251889834,1.15095040592866,0.522966955608236
7576,0.677323842236134,0.468195769464175,0,0.623667036409862,0.707073195286829,0.509132361260677
7577,0.4251703013108,0.384650607276635,1,-0.427511120272375,0.414835952711333,0.523922535084147
7578,0.596061937648819,0.357757171346551,0,0.284902255399407,0.320763916057121,0.513826643478624
7579,0.524107876136187,0.656138390552946,1,-0.0150599718573791,1.36448808217282,0.520990730868129
7580,0.726374075739728,0.652969869277441,1,0.828147742292193,1.35340473639492,0.505083751340383
7581,0.720010881799948,0.479328404786,1,0.801620847402345,0.746014655975425,0.506325698731781
7582,0.645405242035011,0.406481213045177,1,0.490604715729508,0.491198435786422,0.511112841975073
7583,0.47773497389381,0.421928883313064,0,-0.208379414131569,0.545233695819419,0.521379081093852
7584,0.395176361272789,0.453644957624149,1,-0.55254991403704,0.656175105941827,0.527054865061302
7585,0.480722549721594,0.347419557549218,1,-0.195924802389558,0.284603405120997,0.520176713480454
7586,0.677807127188085,0.29716832388853,1,0.62568175562848,0.108826836179144,0.509289651181916
7587,0.647449310288728,0.197602794805807,0,0.499126031318377,-0.239448933630117,0.510744013730851
7588,0.589315023885341,0.223652659977303,1,0.256775708585272,-0.148327669778929,0.513462909475729
7589,0.614876749530504,0.199243537530536,0,0.363337478634958,-0.233709688925868,0.512192497103413
7590,0.637786101519201,0.238099131891072,1,0.458842028386229,-0.0977945568316188,0.511249121893507
7591,0.739125575823581,0.24571984840245,0,0.881306219876479,-0.0711376311470957,0.506408284489662
7592,0.750794700831454,0.440604364449352,0,0.929952490203904,0.61055969397582,0.504565112256563
7593,0.573271216780483,0.493853540021109,0,0.189892255286301,0.796822929704261,0.516028285052905
7594,0.484258521338289,1.04902515664964,0,-0.181184037249087,2.73878842658731,0.529391349405825
7595,0.413580844264252,1.25094891314026,0,-0.475825270652462,3.44510870010406,0.540777681814639
7596,0.548995519934813,1.12927043773291,0,0.0886916845199175,3.01948283257611,0.523085578691254
7597,0.361261319479626,2.10756241930428,0,-0.693935004189294,6.44150445109146,0.566373795341243
7598,0.568631050783053,1.89653195988039,1,0.170548322530176,5.70332933781515,0.526283274695586
7599,0.922729856819058,1.12284843834409,0,1.64671609255776,2.99701896579953,0.480502963606248
7600,0.336638288510987,1.45555594315676,1,-0.796583542102185,4.16081494446277,0.555166319703824
7601,0.611765471211182,0.982411209274779,0,0.350367175713062,2.50577581654294,0.515352688464489
7602,0.353840307665381,1.71241337037583,0,-0.724871732228047,5.05929074246333,0.55870292590949
7603,0.502722604780648,1.95603456490111,0,-0.104210931392471,5.9114667902062,0.538287455834634
7604,0.478425090938105,3.23661027687226,1,-0.20550245289654,10.390863384536,0.560139041648432
7605,1.16319859602256,2.26708816413178,0,2.64918262579786,6.9995183751478,0.411057719125804
7606,0.405753827416477,2.97805038794045,0,-0.50845455324025,9.4864324515702,0.574687343701875
7607,0.481305138692653,4.67567276559345,1,-0.19349610438891,15.4246396390326,0.578657126576936
7608,1.29797212471245,2.5927346888385,0,3.21102676622877,8.13861536105055,0.370632160125104
7609,0.843769684500111,4.90953582902475,1,1.3175467773661,16.2426821804308,0.438382199784271
7610,0.931096562297372,3.8145428919782,0,1.68159523012578,12.412445836598,0.425873241997412
7611,0.59585514824152,3.79019959586007,1,0.284040191328495,12.327294075006,0.531161584312124
7612,1.14835198664172,3.14133536601428,0,2.58729005262734,10.0575960054715,0.383368991855523
7613,0.559718628890885,2.53573490840893,0,0.133394201347487,7.93923267719442,0.532762833318691
7614,0.284466035817796,1.86608541022207,1,-1.01407932746666,5.59682866817596,0.573780110913884
7615,0.787765684182817,1.74331922804252,1,1.08407719528399,5.16739805098312,0.490048809063714
7616,0.368548199455878,1.91441843680858,1,-0.66355744520959,5.7658954345228,0.560819061127841
7617,0.393598366329913,1.64197758306317,0,-0.559128262329196,4.81290950716597,0.551080062100989
7618,0.00263589243804181,2.19254539604806,1,-2.18897336039695,6.73877110470942,0.634939539485831
7619,0.179586465253551,1.60205380165429,0,-1.4513014789176,4.67325790452825,0.581785425316084
7620,0.153681396121088,1.4610658918202,0,-1.55929457994429,4.1800884985738,0.580308729458933
7621,0.00770301887957071,1.77976562392185,1,-2.16784951413671,5.29488591448958,0.6149528405662
7622,0.339694365797385,1.24159615010618,0,-0.783843361350388,3.41239315311156,0.549601652933871
7623,0.139206622401792,1.05232707466253,1,-1.61963704390814,2.7503383881893,0.5665316346733
7624,0.469013000730447,1.07218347876772,1,-0.244739592294642,2.8197952020996,0.531373209179924
7625,0.331996086622014,1.21972341646035,1,-0.815935962086812,3.335883308605,0.549998471846042
7626,0.313806822921399,1.04502656826637,1,-0.891763398886047,2.7248015431733,0.547637282804896
7627,0.336864191593507,0.961091737590829,0,-0.795641796905982,2.43120125764631,0.543125737646134
7628,0.0195725236376876,1.04645298148171,1,-2.11836790032879,2.72979107283499,0.578965315629145
7629,0.276521183839086,0.897253952624182,0,-1.04719984137039,2.20789953960185,0.547372378557293
7630,-0.0257921432145629,1.15325621110291,1,-2.30748420900824,3.1033839955777,0.589105918838985
7631,0.101811733784628,1.15178150636832,1,-1.77552892605929,3.09822554434046,0.574623021268395
7632,0.332163286123554,1.03388617758491,0,-0.815238940489641,2.68583295458339,0.545396974491125
7633,0.0378029534691007,1.37363933357407,0,-2.04236885008589,3.87427430609712,0.591981512947141
7634,0.0401956034076185,1.48693335995947,1,-2.0323943665124,4.27057174576002,0.596791393494542
7635,0.241222868903182,1.29170821231423,0,-1.19435152320737,3.58768290653353,0.563107388533757
7636,0.242512220745388,1.31026111921925,1,-1.18897647081735,3.65258014550847,0.56352404202386
7637,0.23195010488104,1.07014711786104,1,-1.23300783934069,2.81267210268038,0.557186549056773
7638,0.33881563260705,0.958444984147488,0,-0.787506625930542,2.4219430324205,0.542864690767175
7639,0.278303298294416,1.02004326240042,1,-1.03977055926999,2.63741105609404,0.550719226247703
7640,0.367753470929696,0.876561021083925,0,-0.666870510987485,2.13551659011935,0.538140491741951
7641,0.0824636883082753,1.04823270194861,0,-1.85618709450936,2.73601645546855,0.572397412797013
7642,0.0190931799902546,1.22627132242579,1,-2.1203661890297,3.35878759095816,0.587479851273588
7643,0.172571478045247,1.16104432392352,1,-1.48054557081381,3.13062646606871,0.566911717395397
7644,0.199460924746878,1.08098825726988,0,-1.36844879472136,2.8505939236962,0.561079715125939
7645,0.109055733578722,1.08073642591807,1,-1.74533012606379,2.84971302888532,0.570903876133198
7646,0.388975629024478,0.983381996833822,1,-0.578399538321278,2.50917158802693,0.538317429716708
7647,0.395458571535091,0.819851192695747,0,-0.551373435363632,1.93714814554217,0.534377695868051
7648,0.115661308720873,0.790699232535357,0,-1.71779279196064,1.83517589209416,0.558449124260845
7649,0.0783193012277825,1.0061334830149,0,-1.87346422318208,2.58875526961856,0.571024168492583
7650,0.103117224531218,1.05719502873521,1,-1.77008659377424,2.76736627392121,0.570576900286629
7651,0.285309763747087,0.913175912454786,1,-1.01056199288472,2.26359384332286,0.546976500438641
7652,0.281323554505057,0.963724056545487,1,-1.02717970948632,2.44040899167598,0.548801438558773
7653,0.366660443448834,0.781693021321235,0,-0.671427126009899,1.80367256787583,0.536141543735084
7654,0.150717406153282,0.867520883821984,1,-1.57165086690877,2.10389459410236,0.558294091773955
7655,0.315068918109168,0.772652764018067,0,-0.886501974088412,1.77205015195998,0.540430903189066
7656,0.164674468585983,0.830120130204431,1,-1.5134666387323,1.97306842989067,0.55560673793109
7657,0.205374586311996,0.735961280929276,1,-1.3437959112423,1.64370498435107,0.548704179537029
7658,0.359805900666547,0.697625394544381,1,-0.70000235688051,1.50960776752288,0.534835962858447
7659,0.358541101571677,0.713832623581453,0,-0.705275053731167,1.56629993017559,0.535308302029978
7660,0.210563788932515,0.769104911558579,1,-1.32216315357699,1.75963992265792,0.549385181401946
7661,0.249991939330057,0.71569453765808,1,-1.1577950058834,1.57281282238166,0.544330383145171
7662,0.376665471108935,0.746437093547254,1,-0.629718147842447,1.68034890858385,0.534507922721505
7663,0.381436756014831,0.697915331527466,1,-0.609827606333573,1.51062195412853,0.53307874455088
7664,0.436328187952457,0.656447691354948,0,-0.38099610140964,1.36557000255141,0.527894499740095
7665,0.268155315560319,0.652213583232219,1,-1.08207548881936,1.35075928161732,0.540958097249353
7666,0.417594373498433,0.566402289016951,1,-0.459093662416088,1.05059521051274,0.527709307203205
7667,0.413873914784167,0.570063060153491,0,-0.474603517716645,1.06340042429928,0.528044849279204
7668,0.16434446970213,0.64850754241103,0,-1.51484233870131,1.33779571649759,0.548901727120968
7669,0.181009815739246,0.60396932333869,0,-1.44536781273003,1.18200301719435,0.546010563829225
7670,0.00292372734838216,1.35846809999566,1,-2.1877734336802,3.82120600924626,0.59572093980993
7671,0.318627679172832,1.16442658067061,1,-0.87166620425846,3.14245744897149,0.550184062845477
7672,0.25807619921428,1.08739020959408,1,-1.12409332804039,2.87298766673695,0.554869795605579
7673,0.304087855076567,1.08548322901869,0,-0.932279850356419,2.86631713393283,0.549758644192463
7674,0.114410099933633,1.04285012611992,1,-1.72300883351123,2.71718844583949,0.568790500268012
7675,0.191807719373971,1.0159306414065,0,-1.40035349170511,2.62302529170565,0.559643285593654
7676,0.171167645564829,1.05903415426414,1,-1.48639787030419,2.77379945280615,0.563364352989385
7677,0.255658956959908,0.793828842413594,1,-1.13417033210657,1.84612312754389,0.546236092232281
7678,0.311039915642155,0.881848649132029,0,-0.903298087166975,2.15401247665643,0.543650776974665
7679,0.106969641283346,1.04624211674999,1,-1.75402663155673,2.72905347742981,0.569716631714432
7680,0.284056139380714,0.943460612829859,0,-1.01578810450616,2.36952837140444,0.547953579877325
7681,0.018092642888195,1.04312330510572,1,-2.12453722998663,2.71814401371978,0.57896390390445
7682,0.366960820059429,0.931790876173515,1,-0.670174915429481,2.32870815425797,0.539437836816634
7683,0.324452718671423,0.836985096052393,1,-0.847382768617383,1.99708177353922,0.54124187204606
7684,0.270155978347378,0.885160250036849,1,-1.07373512202171,2.16559630858153,0.547629589219921
7685,0.358967717505778,0.732324702727614,1,-0.703496576420977,1.63098439636923,0.535693704796108
7686,0.361690126952047,0.794527637382493,0,-0.692147390790024,1.84856748110656,0.536866951460017
7687,0.174691527149557,0.828944966179191,1,-1.47170750611177,1.96895775866426,0.554655167599259
7688,0.234775059654103,0.79997263372275,0,-1.22123116255812,1.86761383489469,0.548276880149681
7689,0.132569833831144,0.896803317889325,1,-1.64730450061083,2.20632323944425,0.561138786668469
7690,0.419246779066049,0.82505603592262,0,-0.452205110971269,1.95535445447535,0.532315591273195
7691,0.20469133311575,0.986340070533825,1,-1.34664425845464,2.51951879759346,0.557292741642725
7692,0.306921175544768,0.772219359090111,1,-0.920468298648188,1.77053412089669,0.541127858381157
7693,0.388344626496592,0.727765054878269,0,-0.581030062848876,1.61503495202419,0.533129223292768
7694,0.238968499133553,0.865347131035805,1,-1.20374954415216,2.09629090403054,0.549969156956076
7695,0.320065570623744,0.869920568222881,1,-0.865671919667682,2.11228858286253,0.542487697483533
7696,0.240787817903868,0.745961780490854,1,-1.19616516463332,1.67868628476069,0.54604349706309
7697,0.381313944796259,0.814205689220238,1,-0.610339581973036,1.91740042675829,0.535540742746467
7698,0.316504559566503,0.667907300674214,0,-0.880517069275095,1.40565520366619,0.537593313136203
7699,0.287426965350242,0.765788667075907,0,-1.00173579885087,1.74803984770508,0.542641370080557
7700,0.287543266420597,0.752890562852679,1,-1.00125096272957,1.70292285572192,0.542269788160685
7701,0.272070079562321,0.735266604462539,0,-1.06575561326905,1.64127503712486,0.543077264494974
7702,0.255813664301305,0.778144340387592,1,-1.13352538785015,1.7912594406082,0.545746243892139
7703,0.409664072768808,0.744625874835033,0,-0.492153515045214,1.67401334649621,0.531662369260625
7704,0.219221490507986,0.793699014006768,1,-1.28607091093066,1.84566899358059,0.549449675904701
7705,0.227150238920666,0.892398010356667,1,-1.25301752960334,2.19091367062743,0.551951772282978
7706,0.296130253013682,0.932409247899092,1,-0.965453516835098,2.3308711909107,0.54645025546277
7707,0.371309090660844,0.877840550087372,1,-0.652047836750448,2.13999232537406,0.537831335333862
7708,0.330628929819615,0.887422012394083,1,-0.821635367941542,2.17350785219856,0.541927246804297
7709,0.273886558845309,0.843390236977004,1,-1.05818307101034,2.01948667016165,0.546063151604173
7710,0.290802312798317,0.866531344260604,1,-0.987664644047302,2.10043322895248,0.545147819427414
7711,0.364696625211301,0.797245910150933,0,-0.679613895180037,1.8580758777344,0.536660929864979
7712,0.2009389801274,0.793301030668521,1,-1.36228707466512,1.84427686565463,0.551048847821167
7713,0.321557089883822,0.705860750321134,0,-0.859454071364973,1.53841467388119,0.538162051895311
7714,0.136148257325592,0.693724047648193,0,-1.63238676200237,1.49596103048366,0.552856611122665
7715,0.181503513383595,0.650477776851886,1,-1.44330968505972,1.34468750849544,0.547642982848357
7716,0.207913370606954,0.696011136038775,1,-1.33321222248824,1.50396116343318,0.547136410050995
7717,0.179199930286437,0.676826548230475,0,-1.45291286661707,1.43685433289691,0.548771397272451
7718,0.191173981066587,0.677566948941161,1,-1.40299542115544,1.43944422148442,0.547844481203131
7719,0.191553931577397,0.667681423722932,1,-1.40141148274982,1.40486509618809,0.547466964771623
7720,0.144706585559575,0.703268691984416,1,-1.59670878712934,1.52934776969329,0.552533806497142
7721,0.357118049532272,0.727181976588176,1,-0.711207475755283,1.61299537023105,0.535731516390706
7722,0.231869478529588,0.726043656364087,1,-1.23334395462659,1.60901357697402,0.546159573597175
7723,0.204954324992202,0.728857054054135,1,-1.34554789742439,1.61885471632524,0.548497101311338
7724,0.289468118748716,0.719865647977038,1,-0.993226634716039,1.58740317981438,0.541184133058402
7725,0.346818705981162,0.729175109357558,0,-0.754143398563914,1.61996725955844,0.536640490787419
7726,0.165883473744562,0.852843629164971,1,-1.50842653574841,2.05255421343596,0.556335807788766
7727,0.302460974557204,0.851148070998122,1,-0.939061992931975,2.04662322676562,0.543639891433011
7728,0.41373846742241,0.861964877818676,0,-0.475168170933633,2.08445993347539,0.533506235081982
7729,0.255823343263388,1.12091602700778,0,-1.13348503817478,2.99025947733054,0.556131061978781
7730,0.227480651131258,0.963003691751766,0,-1.25164010655705,2.43788918783033,0.5542064042415
7731,0.0439941944036658,0.863552395276741,1,-2.01655879320829,2.0900129985762,0.56805400401936
7732,0.323149948141094,0.78278216809789,0,-0.852813760859751,1.80748235461195,0.539985293250989
7733,0.157454350945057,0.810992667974745,1,-1.54356587876266,1.90616142207468,0.555543661801341
7734,0.245201445408913,0.666197727353492,1,-1.17776562597124,1.39967519261412,0.543183058488303
7735,0.351140855213979,0.609567660197329,1,-0.736125214695527,1.20158574926093,0.53348671989546
7736,0.266411915575515,0.678591789384996,0,-1.08934337796207,1.44302906754306,0.541875240651561
7737,0.283056721303945,0.698932485305561,0,-1.01995448046835,1.51417991257403,0.541122269643286
7738,0.24169848687815,0.734232324316862,0,-1.19236876609685,1.63765717141116,0.545597795519314
7739,0.157700295054384,0.684897774207242,0,-1.54254058649613,1.46508712055203,0.550785036122625
7740,0.0907080211038245,0.693969617042825,1,-1.8218181044119,1.49682002124828,0.556530757682209
7741,0.277255539600802,0.72172750343532,0,-1.0441384576868,1.59391586697609,0.542251249339053
7742,0.0437465870855239,0.846517078388414,1,-2.01759101906286,2.03042422163818,0.56729831142586
7743,0.242379539373876,0.794269370107115,1,-1.18952959316899,1.84766407372272,0.547423096918814
7744,0.304757397104378,0.809689010588685,1,-0.929488662288894,1.90160128681621,0.542318267887537
7745,0.33237732021154,0.772359458550187,0,-0.814346674780223,1.7710241825451,0.538918074489835
7746,0.13773665384514,0.777784690548439,1,-1.62576505159778,1.79000140154843,0.5560091123716
7747,0.260824048411517,0.75190407256177,1,-1.11263808912766,1.69947215678383,0.544522079448712
7748,0.333535221016804,0.769323317758989,0,-0.809519615720764,1.76040389778345,0.538742581368104
7749,0.316547384486075,0.754521984260785,1,-0.880338540669668,1.70862949487732,0.539832992423723
7750,0.364370897304734,0.713391293303111,0,-0.680971790290883,1.56475617659093,0.534816276672228
7751,0.238761857269,0.773328200758799,1,-1.2046109931466,1.77441279948471,0.547080707309665
7752,0.428020351659879,0.782959557208353,1,-0.415629825005204,1.80810285379045,0.530775168921601
7753,0.451595263308746,0.687961881436034,1,-0.31735068888813,1.4758052306622,0.527194689880175
7754,0.356936437344542,0.722744370156488,1,-0.711964580985807,1.5974728213093,0.53564509427611
7755,0.465069060532599,0.763431451053755,0,-0.261181097625186,1.73979441143527,0.527224585159993
7756,0.280203966428705,0.846267495988071,0,-1.03184705036928,2.02955119355897,0.54556360597654
7757,0.213219415971474,0.829266189208892,0,-1.31109237057151,1.97008138246238,0.551169879605745
7758,0.212383164008822,0.89948324855773,0,-1.31457853932962,2.2156975171202,0.553598871562851
7759,0.139505153968216,0.925421864497818,0,-1.61839252495134,2.30642963613315,0.561586593199209
7760,0.0751532466143533,0.988697267275733,1,-1.8866628776221,2.52776416642184,0.570595001581219
7761,0.302556688433006,0.951522522849502,0,-0.938662980746126,2.39772857225801,0.546329644008164
7762,0.129361539305652,0.893436663444743,1,-1.66067924487587,2.19454683269815,0.5613118531475
7763,0.343601303694398,0.873671710440929,1,-0.767556111281312,2.12540991065229,0.540360176961711
7764,0.299749949939821,0.854205264436348,0,-0.950363717466806,2.05731715274545,0.543974127230083
7765,0.106184838037709,1.02523595981804,0,-1.75729832080638,2.65557487952942,0.568937295982879
7766,0.154281032232086,1.05665660739095,0,-1.55679481579454,2.76548290012826,0.565086246048807
7767,0.0573471916825021,1.34904917511792,1,-1.96089279298382,3.78825903108229,0.588388792433679
7768,0.322955661525554,1.25767409238265,0,-0.853623703268818,3.46863307645526,0.552042608186251
7769,0.253019684748274,1.23468870454678,1,-1.14517293507708,3.38823121733141,0.559905812891352
7770,0.383316778779364,1.16550371142011,1,-0.601990163889219,3.1462252041818,0.542704207117397
7771,0.447824917883465,1.08817365912735,1,-0.333068512003592,2.87572813818142,0.53395275677924
7772,0.344543054822658,0.879003766758795,1,-0.763630137402757,2.1440612052909,0.540398036085325
7773,0.518442021903878,0.754321399058689,0,-0.03867979566034,1.70792785680723,0.522502134526642
7774,0.371975040859417,0.554594842441758,1,-0.649271622307416,1.00929329022625,0.530726625335861
7775,0.487020208049202,0.487976318547128,0,-0.169671112483255,0.776264671720318,0.521684900687925
7776,0.624045568587835,0.456263282810428,1,0.401560468803049,0.665333890395275,0.512540159635816
7777,0.295419945694472,0.39075430740056,0,-0.968414647326247,0.436186422888406,0.531640795977109
7778,0.205617244479464,0.523754556372124,1,-1.34278431741639,0.901415348221688,0.54144500475382
7779,0.396387091139693,0.484009010999674,1,-0.547502621085842,0.762387207271639,0.527585179637374
7780,0.44380391416732,0.436297818416977,0,-0.349831279874464,0.595495588472013,0.523686945076712
7781,0.410681178204305,0.447895265912693,0,-0.487913403988615,0.636062941366179,0.525963390451358
7782,0.285330783396308,0.484007787801113,1,-1.01047436613144,0.762382928577754,0.534868373534182
7783,0.460008928924501,0.478815235419562,0,-0.282275783810636,0.744219612472067,0.523328141217
7784,0.228336032948538,0.503154453722221,1,-1.2480741892249,0.829357110047872,0.53922259894553
7785,0.430450965081621,0.494227782302231,1,-0.405497079191293,0.798132012473708,0.525526998605276
7786,0.481869892715721,0.419299173566358,0,-0.191141756753066,0.536035088682526,0.521090824981274
7787,0.478407829846467,0.396991103200346,1,-0.205574410967895,0.458002455789802,0.520992324280236
7788,0.39076665641846,0.358832983042588,0,-0.570933099945422,0.324527057277371,0.525398499009172
7789,0.251765088700604,0.35983712228762,1,-1.15040309744533,0.32803949146801,0.533246142263051
7790,0.407256030562964,0.461945878317102,1,-0.502192165931742,0.685211355446028,0.526448525440674
7791,0.397494452650147,0.396622430076747,0,-0.542886250333848,0.456712853684412,0.525772468103049
7792,0.423096136020576,0.416066023130651,1,-0.436157904443756,0.524725672991382,0.524608845877751
7793,0.543244699008046,0.382419328634427,0,0.0647176514009493,0.407031039766732,0.517022052911133
7794,0.503878816825713,0.393539987306489,1,-0.0993909124397132,0.445930606669859,0.519443163070697
7795,0.512450803103287,0.468317090654395,0,-0.0636559998888176,0.707497571386742,0.519783575057944
7796,0.455027049590927,0.569523924782306,0,-0.303044251766557,1.06151455287208,0.525069137555585
7797,0.49000917331771,0.682689961536211,0,-0.157210708438136,1.4573642905256,0.524016368403385
7798,0.258192684481031,0.752984810096331,0,-1.12360772404081,1.70325252836704,0.544779147631652
7799,0.290405831780878,0.900464752502759,1,-0.98931749486011,2.2191307740433,0.546127850533426
7800,0.448749287083136,0.82690769723078,1,-0.329214999941703,1.96183148295566,0.529656916901129
7801,0.337085930677922,0.796012167817652,1,-0.794717410592927,1.85376030220512,0.539084696425591
7802,0.40482901579499,0.841929553520578,0,-0.512309909671041,2.01437726472865,0.533954874338967
7803,0.357627243482009,0.8124384878064,0,-0.709084747057863,1.91121883521268,0.537636318744005
7804,0.424131161880462,0.905216808923038,0,-0.431843086688192,2.23575325496815,0.533304696784301
7805,0.337221054499923,0.816730421467105,1,-0.794154106149078,1.9262318272936,0.539577147363841
7806,0.58079194087387,0.756757068597791,1,0.22124466406228,1.7164477199722,0.517153688605302
7807,0.553507515907819,0.672790015103654,1,0.10750130183664,1.42273472046622,0.518815355241387
7808,0.396323091913339,0.679521390223979,0,-0.547769421181297,1.44628076972146,0.531496979225846
7809,0.396622539187681,0.729179497734485,1,-0.546521084819604,1.61998260990476,0.532463745198943
7810,0.411416860673838,0.723897408788089,1,-0.484846489522974,1.60150609889784,0.531122541476324
7811,0.422020403186906,0.79259860863291,0,-0.44064242150836,1.84181982477475,0.531477010291178
7812,0.254897936384814,1.02020380854479,1,-1.13734287611444,2.63797263933008,0.553181365660506
7813,0.475458856844728,0.94583434218009,1,-0.217868095175929,2.37783157055767,0.528890357852623
7814,0.383819594718185,0.945446069737815,1,-0.599894023855727,2.37647341091171,0.5380554637502
7815,0.669063381820253,0.835708531943758,1,0.589230813458374,1.99261640935403,0.509502584589245
7816,0.6599873664773,0.762429740600847,0,0.551394703589703,1.73629047305091,0.510322411999874
7817,0.509482129925672,0.825610634018276,0,-0.0760318102271773,1.95729441382151,0.524094060570765
7818,0.4924060933699,0.772680275806177,1,-0.14721842360672,1.77214638696492,0.524975385428115
7819,0.598094956579756,0.801380052568525,0,0.293377508550644,1.87253692310074,0.515879281022274
7820,0.522419181009564,0.840835730156287,0,-0.0220998072841911,2.01055111949804,0.523073416881862
7821,0.408560205675538,0.874446653909222,1,-0.496755318264264,2.12812062826174,0.534229813432105
7822,0.419729454347204,0.801188795606306,1,-0.450192933349416,1.87186791479674,0.531836715490074
7823,0.476851542080666,0.772551637826096,1,-0.212062266339343,1.77169641706116,0.526331632066446
7824,0.376778292383024,0.799484913818877,0,-0.629247818302376,1.8659078124737,0.535634592928553
7825,0.427008907235885,0.767618617098774,1,-0.419846336426373,1.75444093108,0.530592879950904
7826,0.366063791617333,0.813502190005473,0,-0.673914449289662,1.91493961795388,0.53690044375373
7827,0.4865561592418,0.789324964299414,0,-0.171605640026219,1.83036876323936,0.525706536259808
7828,0.164705150466694,1.38042557042451,1,-1.51333873205016,3.89801225923181,0.575863075627783
7829,0.458187398322689,1.07267132619173,0,-0.289869384016791,2.82150167058033,0.532567209367507
7830,0.189166889676493,1.23813472960306,1,-1.41136258752553,3.40028525892906,0.56770644926342
7831,0.435358853945644,1.04726403861307,1,-0.385037062844297,2.73262811442342,0.534635970491721
7832,0.412545056793137,0.937940180757916,1,-0.480143263414355,2.35021814679912,0.535042619268816
7833,0.357818471942396,0.804090149736457,1,-0.708287553491767,1.88201672184348,0.537428581917557
7834,0.508926441211036,0.730397985888584,1,-0.0783483663881412,1.62424482699718,0.523043537050453
7835,0.53076515039387,0.675645435093748,1,0.0126928856160438,1.43272285194446,0.520660959708743
7836,0.666602345928927,0.685079522983849,0,0.578971242395921,1.46572286964781,0.509768807354965
7837,0.70225482226013,0.727773775020385,0,0.727599352925164,1.61506545469149,0.506757892026548
7838,0.565392957166616,0.766965547366761,1,0.157049351758639,1.75215652235189,0.518556482063153
7839,0.591798499973613,0.730548781507521,1,0.267128828383052,1.62477230333114,0.516064019755623
7840,0.531654641025445,0.648467842166493,0,0.0164009958375115,1.33765684681694,0.520321539792409
7841,0.595430718299541,0.663084075112743,0,0.28227082698638,1.38878377626696,0.515414839254015
7842,0.616432444369497,0.70084953948634,0,0.369822862212008,1.52088568239946,0.513883298341304
7843,0.345930601994938,0.759144308259977,0,-0.757845728135631,1.72479817759269,0.537425602695482
7844,0.430727982374361,0.709232305357462,0,-0.404342248979178,1.55020822267814,0.52925351709164
7845,0.502822020644653,0.736406536318519,1,-0.103796486351222,1.64526246779819,0.523629638751982
7846,0.578624082286298,0.654720836982411,1,0.212207291096312,1.35952954315261,0.516693163171812
7847,0.674096481832749,0.547813151647766,0,0.610212810277127,0.985571238993804,0.509275379357919
7848,0.601304101914263,0.82293104920364,0,0.306755799669908,1.94792134592659,0.515691790491705
7849,0.545069525267992,0.808674921767668,1,0.0723249905529446,1.89805404945356,0.520693723004697
7850,0.563874960314107,0.562348275716694,0,0.150721123618698,1.0364144532168,0.517163712773025
7851,0.463431643680989,0.606311911481919,0,-0.268007164082472,1.19019728579761,0.525014157560433
7852,0.384127793332942,0.747274258255891,0,-0.598609204889618,1.68327727331052,0.533889863387168
7853,0.348589062165584,0.805099720771051,1,-0.746763134365431,1.88554815619119,0.53827728443887
7854,0.56812620429829,0.578897017890283,0,0.168443717552936,1.09430121355424,0.51697718883586
7855,0.534580923207864,0.673848668220926,1,0.0286000865151959,1.426437841745,0.520337944404851
7856,0.802184494218476,0.599266315611297,1,1.144186357738,1.16555210640457,0.499691076969258
7857,0.621225581459292,0.614161030568997,1,0.389804501146315,1.21765315348155,0.513216964044176
7858,0.748435705269288,0.607095897004798,1,0.920118305057982,1.19293963210979,0.503645273486515
7859,0.707951575861936,0.561881813705959,1,0.751347990077927,1.03478278995571,0.506837251194329
7860,0.812247310835399,0.560964971862917,0,1.18613624661757,1.03157571817474,0.499370668175809
7861,0.618892395876922,0.535684800229976,1,0.380077912692816,0.943146807913459,0.51313245604189
7862,0.472385017739917,0.535131684579259,0,-0.230682321429804,0.941212034093427,0.523325664508752
7863,0.376174186465587,0.615814679265157,0,-0.631766216189636,1.22343754269692,0.531744471385374
7864,0.658503592888012,0.616837672698077,1,0.545209145453984,1.22701592799394,0.51040040226572
7865,0.327449043889992,0.461672914520649,0,-0.834891682398577,0.684256540288458,0.531546471894823
7866,0.278095859287095,0.512130541740998,0,-1.0406353313947,0.860755064675503,0.536152185076604
7867,0.354208281742564,0.528673135345945,1,-0.723337721201508,0.91862031759469,0.531386130058016
7868,0.402827086565164,0.551955885666787,1,-0.520655556017685,1.00006233739786,0.528487888755107
7869,0.472666205485571,0.496308397363906,0,-0.229510105425724,0.805409910948785,0.52275142697865
7870,0.304163775711438,0.565515628206376,0,-0.931963352270672,1.04749371063414,0.535823053408452
7871,0.452841096852262,0.507166422776797,1,-0.312157055663706,0.843390798451942,0.524243370645437
7872,0.386391107571991,0.501831783608093,1,-0.589173896223852,0.824730469116562,0.528610829587717
7873,0.481911970871229,0.419032636196953,1,-0.190966341259073,0.535102752879485,0.521084639289448
7874,0.379513831036185,0.373728813945547,0,-0.617843899608985,0.376632007880971,0.526348524467678
7875,0.541712703939486,0.408749639971098,1,0.0583310674715522,0.499133291766795,0.517351162329194
7876,0.469840999874466,0.394356760261152,1,-0.241287827902399,0.448787641952704,0.521461197897327
7877,0.456013400402272,0.388058567927328,1,-0.298932350645092,0.426756846719879,0.522178981471475
7878,0.476583366909623,0.353943545288539,1,-0.213180235497856,0.307424022588416,0.520497692243941
7879,0.437410870449851,0.252295674215503,1,-0.376482612573808,-0.0481356864150995,0.520968222408456
7880,0.563283671772166,0.298181021935302,0,0.148256158830561,0.112369208675659,0.515225299347524
7881,0.505310656744863,0.313762525193819,1,-0.0934218554859506,0.166872610527086,0.518413631618689
7882,0.552022606621548,0.298261396332422,1,0.101311009205197,0.112650354723773,0.515809525950903
7883,0.599723452896814,0.29274570708714,0,0.300166387066674,0.0933567203140863,0.513310797832113
7884,0.572043526027882,0.404872907924474,0,0.184774255762839,0.485572656370981,0.515501243810944
7885,0.338069836534553,0.427392025896554,1,-0.790615702003282,0.564343524355176,0.530033129069859
7886,0.590751335466109,0.345267677385308,0,0.262763407010418,0.277076224504094,0.514057751176063
7887,0.461574951681289,0.411738310621946,1,-0.275747345190413,0.509587528099591,0.522211646560726
7888,0.687247973064388,0.350865744731382,1,0.665038771712231,0.296658013827768,0.508703538643791
7889,0.647600658058103,0.327245953302568,0,0.499756970184614,0.21403703929581,0.510888657000621
7890,0.668861394994241,0.362900326373149,0,0.588388770397379,0.338754442423416,0.509724554234568
7891,0.563921697431109,0.349590555421349,1,0.150915961400149,0.292197458626626,0.515575291216564
7892,0.614721404678498,0.375758082155045,0,0.362689876723112,0.383730297362516,0.512841417085227
7893,0.605842274187681,0.456017560059918,1,0.325674540797128,0.664474363198644,0.513698830485565
7894,0.539124955289454,0.467403509749801,0,0.0475432560217672,0.704301906222686,0.51805279570107
7895,0.497035628877493,0.446722394143061,1,-0.127918807256666,0.631960288347413,0.52050950590444
7896,0.575046080417705,0.449972077732775,1,0.197291310162511,0.643327536272184,0.515619946155498
7897,0.674146389278086,0.491159542889837,1,0.610420864529316,0.787399448170023,0.509318719878177
7898,0.765364062374516,0.438170908946076,0,0.990689272065747,0.602047575409203,0.503672170859896
7899,0.654472405656769,0.513749648894999,0,0.528403924526176,0.866418629120531,0.510638806327807
7900,0.830900412527914,0.556281930183267,0,1.26389733211171,1.01519464772742,0.498093720364494
7901,0.223705064830432,0.786264527795517,1,-1.26737977784436,1.81966349316078,0.548810755363369
7902,0.44406061220699,0.613645474571465,1,-0.348761156602851,1.21584976164931,0.526584200552643
7903,0.550745562738311,0.416447022886228,0,0.0959872662577177,0.526058393104391,0.516873138380878
7904,0.429819843381735,0.414527664029427,0,-0.40812810052335,0.519344561625253,0.524174556411962
7905,0.481044070799935,0.464585485170037,0,-0.194584444712148,0.694444582218077,0.521759831053796
7906,0.484446435995513,0.502845627220988,1,-0.180400658271858,0.828276848752168,0.522054145276598
7907,0.493978202155708,0.477425528279676,0,-0.140664613537248,0.73935847902144,0.521091641373468
7908,0.450712238457338,0.42343126791497,1,-0.321031844553055,0.550488969995121,0.523052815454971
7909,0.581351268822612,0.376585309659043,0,0.223576391469248,0.386623902191582,0.514770556350578
7910,0.416765150797441,0.470952106585924,1,-0.462550527574948,0.716714739320943,0.526006236744469
7911,0.526728758335596,0.395537178053456,1,-0.00413403320450187,0.452916690621441,0.518116484015389
7912,0.446178212541072,0.409877988441682,1,-0.339933300338761,0.503080204275834,0.523109525720087
7913,0.534570883878193,0.447319007808539,0,0.0285582345387416,0.634047216278569,0.5181527117537
7914,0.610962585378634,0.528468518524554,1,0.347020103741014,0.917904577100541,0.513656674014702
7915,0.683192627883565,0.472896208021939,0,0.648132841078681,0.723515119236093,0.508745977766878
7916,0.509680018602173,0.463096262384019,1,-0.0752068515395874,0.689235347485976,0.519902321323835
7917,0.561629316352295,0.432873887191881,0,0.141359478837982,0.583518830108146,0.516337769124348
7918,0.506078803578531,0.425461568626495,0,-0.0902196035179115,0.557590871122598,0.519689772871032
7919,0.688717151452868,0.464656677652436,0,0.671163485347314,0.694693610338958,0.508402805270086
7920,0.589515649725739,0.471887838612701,1,0.257612077966873,0.719987888120163,0.514826323195823
7921,0.575625414007832,0.398424206404379,1,0.199706437124992,0.463015386732859,0.515244543059039
7922,0.572691977907192,0.394469068130946,1,0.187477523179544,0.449180489860695,0.515391777836821
7923,0.42897574401661,0.50407540982844,0,-0.411646983547686,0.832578573337517,0.525797882566113
7924,0.4421400007218,0.588546117029757,0,-0.356767805382384,1.12805333099615,0.526313165805162
7925,0.342817624234956,0.605876594515714,0,-0.770823115688953,1.18867456650999,0.534021947207763
7926,0.393502576863921,0.545796353331718,0,-0.559527589635572,0.978516568642101,0.529022814298491
7927,0.301897003726695,0.6448058078961,1,-0.941413075593202,1.32484721464465,0.538126608565047
7928,0.552545235033501,0.467766330823928,1,0.103489743514022,0.705571038120629,0.517190053801548
7929,0.397895944370252,0.501965957044289,0,-0.541212510894321,0.82519980179836,0.527843074671048
7930,0.463131526415396,0.44472125714744,1,-0.269258293504952,0.624960400594447,0.522612695658747
7931,0.584288179538268,0.409682935185149,1,0.235819790396324,0.502397916704035,0.514797059958172
7932,0.513494726680343,0.447038427147459,1,-0.0593040893131414,0.633065757669034,0.519477189913519
7933,0.462706470335283,0.534197565399271,1,-0.271030268092894,0.937944526960172,0.523984535885233
7934,0.376979686850721,0.651042635044081,1,-0.628408244665839,1.34666335720063,0.532438361985982
7935,0.417428113303108,0.652142080658909,1,-0.459786768231736,1.3505091688123,0.529299719252653
7936,0.3694447764927,0.572968692452623,1,-0.659819793168567,1.07356419618987,0.531310027910369
7937,0.434647918330984,0.509500035071753,0,-0.3880008125747,0.851553669939191,0.525509806204526
7938,0.322524157522009,0.595784089491713,1,-0.855422557972118,1.15337143510577,0.535279483056796
7939,0.422212740399198,0.545774705274366,0,-0.439840605775232,0.978440844705225,0.527005172470226
7940,0.298073655999529,0.659689976005195,1,-0.957351854804669,1.37691136931668,0.538828817016951
7941,0.418976094570614,0.595678203510642,1,-0.453333541006036,1.15300105067746,0.528145734550371
7942,0.416698435968054,0.574689636472016,0,-0.462828648481444,1.07958398143758,0.527926691961052
7943,0.3341736578687,0.548479907200734,1,-0.80685809896922,0.987903520111816,0.533254409861737
7944,0.392673283898015,0.447146553224136,0,-0.562984747714934,0.633443977851641,0.527081755257212
7945,0.426967083013087,0.488481748113713,0,-0.420020693325207,0.778032641749793,0.525656701052195
7946,0.329725869651247,0.532400359285065,0,-0.825400046873573,0.931657980313985,0.533166198619434
7947,0.263660201045522,0.603720194211445,1,-1.10081473068128,1.18113157464418,0.539861894060188
7948,0.559894295141273,0.548157376747542,1,0.134126519143212,0.986775323004772,0.5173388960915
7949,0.580218522680527,0.476103734968996,1,0.218854197217064,0.734734905109395,0.515455669602665
7950,0.356489126691195,0.476443849194787,1,-0.713829330480592,0.735924609466936,0.530029507542017
7951,0.523035555967215,0.451490903334282,1,-0.0195302621989577,0.64864032032952,0.518923251987341
7952,0.555073167680986,0.548362364972451,0,0.114028193899643,0.987492362651823,0.517680809251304
7953,0.349887577573086,0.62575156243244,0,-0.741349880887127,1.25819631580317,0.533959985720937
7954,0.495115697961996,0.516518609404273,1,-0.135922618875981,0.876104329199896,0.521510308432918
7955,0.555620294468309,0.466530391108563,0,0.116309057081889,0.701247776247046,0.516981602963203
7956,0.546737318889525,0.450058113056508,0,0.079277691745941,0.643628483988524,0.51741014346908
7957,0.597320772502056,0.51044162658977,1,0.290150088508305,0.854847314976831,0.514510567616822
7958,0.621252568996817,0.479939933290742,0,0.389917006843615,0.748153755347585,0.512792608760371
7959,0.466838013459821,0.475143623679495,1,-0.253806683327963,0.731376478739002,0.522828074218578
7960,0.595174818755055,0.442366102874366,1,0.281204032482996,0.616722176230742,0.514308501988581
7961,0.63754640026873,0.395878753005871,0,0.457842761361465,0.454111504535414,0.511563835219796
7962,0.461417270368499,0.402407916078062,1,-0.276404687344379,0.476950225085857,0.522079949710922
7963,0.443408926063121,0.406000847724091,1,-0.351477907027745,0.489518139367248,0.523212162232311
7964,0.616614343822109,0.420868212848126,1,0.370581164992914,0.54152351794869,0.512889917754686
7965,0.512829194422409,0.462537002571661,1,-0.062078561444447,0.687279081663186,0.519693940356194
7966,0.507862689566468,0.458634717608356,1,-0.0827829362490358,0.673629063307123,0.519966937782269
7967,0.47579816651329,0.463558881599795,0,-0.216453580390081,0.690853568822087,0.522082480344948
7968,0.430458283326802,0.479709986271897,0,-0.405466570876989,0.747349410955087,0.525273242424885
7969,0.425277478258258,0.565210797447942,1,-0.427064320811797,1.04642742626813,0.527136295689259
7970,0.389083110833542,0.64054580629057,1,-0.577951467953063,1.30994591946525,0.531277997042175
7971,0.546753582540864,0.631544506322022,1,0.0793454916862967,1.27845977456438,0.518994773396146
7972,0.517859147049374,0.68507801314117,1,-0.0411096854524302,1.46571758828561,0.521797555821665
7973,0.42027480895955,0.818026666435607,1,-0.447919458013553,1.93076603424681,0.532094144726596
7974,0.45101110323831,0.78875665579631,0,-0.319785936490821,1.82838084550085,0.528844147961912
7975,0.297149929430294,0.850916948625356,1,-0.961202687867584,2.04581477103765,0.54412600935655
7976,0.524358679157023,0.772090765625746,1,-0.0140144237513925,1.77008430670691,0.522178381427711
7977,0.453051943214337,0.772341382385768,0,-0.311278078952072,1.77096095293003,0.528405237964846
7978,0.442160603395692,0.756563970369172,1,-0.356681916916629,1.71577227100064,0.529094013765111
7979,0.464818303612603,0.739048837210067,1,-0.262226453545906,1.65450511819688,0.526883871926112
7980,0.512660898903576,0.704158007259231,0,-0.0627801521205729,1.53245855476913,0.52243295016145
7981,0.509750078802319,0.711482544471747,0,-0.0749147844451637,1.55807945850647,0.522756558400035
7982,0.355958997285479,0.816985257551159,0,-0.716039334946359,1.92712323252357,0.537890868968788
7983,0.351341385475826,0.754459027881774,0,-0.735289243761968,1.7084092762779,0.536850829795218
7984,0.385598618356227,0.788185527322819,0,-0.592477626760256,1.82638306363198,0.534614024575241
